ilkid,year,firstname,lastname,team,leag,gp,minutes,pts,oreb,dreb,reb,asts,stl,blk,turnover,pf,fga,fgm,fta,ftm,tpa,tpm
ABDURSH01 ,2006,Shareef,Abdur-Rahim,SAC,N,80,2012,793,122,276,398,109,53,40,116,243,654,310,234,170,20,3
AdamsHa01 ,2006,Hassan,Adams,NJN,N,60,497,174,35,42,77,13,17,4,22,47,135,75,36,24,1,0
AgerMa01  ,2006,Maurice,Ager,DAL,N,31,210,69,1,20,21,7,4,3,15,26,69,22,33,20,15,5
AldriLa01 ,2006,LaMarcus,Aldridge,POR,N,63,1390,565,144,168,312,24,22,73,43,186,479,241,115,83,2,0
ALLENMA01 ,2006,Malik,Allen,CHI,N,60,638,242,42,77,119,16,17,16,21,85,258,107,34,28,1,0
ALLENRA02 ,2006,Ray,Allen,SEA,N,55,2222,1454,57,190,247,228,82,11,154,113,1153,505,309,279,443,165
ALLENTO01 ,2006,Tony,Allen,BOS,N,33,807,379,35,89,124,56,49,12,75,86,259,133,134,105,33,8
ALSTORA01 ,2006,Rafer,Alston,HOU,N,82,3037,1085,29,253,282,444,129,10,170,195,1019,382,177,130,528,191
AmundLo01 ,2006,Louis,Amundson,UTA,N,1,2,0,0,0,0,0,0,0,0,0,0,0,0,0,0,0
AmundLo01 ,2006,Louis,Amundson,PHI,N,10,89,16,13,15,28,1,1,8,5,15,15,6,10,4,0,0
AmundLo01 ,2006,Louis,Amundson,TOT,N,11,91,16,13,15,28,1,1,8,5,15,15,6,10,4,0,0
ANDERAL01 ,2006,Alan,Anderson,CHR,N,17,256,98,11,21,32,21,7,0,22,33,81,37,23,19,20,5
ANDERDE01 ,2006,Derek,Anderson,CHR,N,50,1190,399,29,84,113,133,52,7,56,115,294,126,106,93,152,54
ANTHOCA01 ,2006,Carmelo,Anthony,DEN,N,65,2481,1881,143,249,392,249,77,22,234,203,1453,691,568,459,149,40
ARAUJRA01 ,2006,Rafael,Araujo,UTA,N,28,250,72,22,44,66,10,6,2,17,39,65,27,29,18,0,0
ARENAGI01 ,2006,Gilbert,Arenas,WAS,N,74,2942,2105,61,277,338,443,139,13,236,249,1547,647,718,606,583,205
ARIZATR01 ,2006,Trevor,Ariza,ORL,N,57,1279,506,98,151,249,65,59,19,84,134,371,200,171,106,7,0
ARMSTDA01 ,2006,Darrell,Armstrong,IND,N,81,1275,457,34,101,135,191,70,6,76,102,377,156,93,73,214,72
ArmstHi01 ,2006,Hilton,Armstrong,NOO,N,55,628,176,58,89,147,10,12,26,35,79,125,68,67,40,0,0
ARROYCA01 ,2006,Carlos,Arroyo,ORL,N,72,1304,552,31,103,134,202,39,2,90,131,478,203,166,132,51,14
ARTESRO01 ,2006,Ron,Artest,SAC,N,70,2642,1316,102,352,454,235,149,43,146,205,1040,458,415,307,260,93
ATKINCH01 ,2006,Chucky,Atkins,MEM,N,75,2065,988,18,121,139,346,50,4,127,136,715,310,311,252,306,116
AugusJa01 ,2006,James,Augustine,ORL,N,2,8,2,1,2,3,2,0,0,0,2,3,1,0,0,0,0
AzubuKe01 ,2006,Kelenna,Azubuike,GSW,N,41,670,291,26,68,94,28,22,10,39,49,220,98,78,61,79,34
BalkmRe01 ,2006,Renaldo,Balkman,NYK,N,67,1064,334,97,197,294,44,57,44,49,146,275,139,90,51,27,5
BANKSMA01 ,2006,Marcus,Banks,PHO,N,45,501,221,10,28,38,60,23,3,40,70,196,84,60,48,29,5
BARBOLE01 ,2006,Leandrinho,Barbosa,PHO,N,80,2617,1444,22,192,214,317,96,15,146,210,1111,529,232,196,438,190
BareaJo01 ,2006,Jose,Barea,DAL,N,33,191,78,7,18,25,24,1,1,14,19,78,28,24,16,21,6
BargnAn01 ,2006,Andrea,Bargnani,TOR,N,65,1629,751,52,203,255,50,32,53,107,180,625,267,142,117,268,100
BARNEMA02 ,2006,Matt,Barnes,GSW,N,76,1815,746,91,259,350,156,73,41,105,188,628,275,123,90,290,106
BARREAN01 ,2006,Andre,Barrett,CHI,N,6,28,8,1,4,5,7,0,0,4,4,8,4,0,0,0,0
BARROEA01 ,2006,Earl,Barron,MIA,N,28,202,65,19,22,41,5,6,4,11,21,83,24,18,17,1,0
BARRYBR01 ,2006,Brent,Barry,SAS,N,75,1633,635,17,143,160,138,56,12,61,88,425,202,117,103,287,128
BASSBR01  ,2006,Brandon,Bass,NOO,N,21,161,42,13,30,43,3,2,3,10,16,44,15,16,12,1,0
BASTOMA01 ,2006,Maceo,Baston,IND,N,47,402,138,21,53,74,16,12,18,32,65,76,49,47,37,7,3
BATISES01 ,2006,Esteban,Batista,ATL,N,13,81,20,7,23,30,4,3,0,4,13,16,8,7,4,0,0
BATTISH01 ,2006,Shane,Battier,HOU,N,82,2990,829,67,271,338,175,79,60,72,190,654,292,113,88,373,157
BATTITO01 ,2006,Tony,Battie,ORL,N,66,1576,404,92,252,344,35,29,30,61,185,360,176,77,52,1,0
BELLCH01  ,2006,Charlie,Bell,MIL,N,82,2849,1112,57,181,238,247,97,4,105,213,975,427,168,131,361,127
BELLRA01  ,2006,Raja,Bell,PHO,N,78,2918,1143,48,203,251,196,50,22,83,233,950,410,152,118,496,205
BIBBYMI01 ,2006,Mike,Bibby,SAC,N,82,2784,1403,39,224,263,388,88,6,197,139,1166,471,347,288,481,173
BIEDRAN01 ,2006,Andris,Biedrins,GSW,N,82,2378,783,251,511,762,88,67,136,119,304,581,348,167,87,0,0
BILLUCH01 ,2006,Chauncey,Billups,DET,N,70,2537,1191,23,214,237,502,84,17,140,161,815,348,437,386,316,109
BLAKEST01 ,2006,Steve,Blake,MIL,N,33,582,120,7,38,45,84,10,3,28,49,129,45,20,11,68,19
BLAKEST01 ,2006,Steve,Blake,DEN,N,49,1643,408,14,109,123,324,51,5,101,72,380,164,44,32,140,48
BLAKEST01 ,2006,Steve,Blake,TOT,N,82,2225,528,21,147,168,408,61,8,129,121,509,209,64,43,208,67
BlaloWi01 ,2006,Will,Blalock,DET,N,14,166,25,6,9,15,17,5,0,12,9,30,9,6,6,5,1
BLATCAN01 ,2006,Andray,Blatche,WAS,N,56,683,206,77,114,191,39,17,32,49,94,197,86,49,30,27,4
BLOUNMA01 ,2006,Mark,Blount,MIN,N,82,2547,1010,136,369,505,67,43,58,159,239,839,427,195,147,31,9
BOGANKE01 ,2006,Keith,Bogans,ORL,N,59,992,298,16,77,93,59,28,2,46,98,245,99,63,47,137,53
BOGUTAN01 ,2006,Andrew,Bogut,MIL,N,66,2257,809,168,416,584,198,49,35,150,216,629,348,194,112,5,1
BONNEMA01 ,2006,Matt,Bonner,SAS,N,56,654,275,65,91,156,22,17,11,25,67,237,106,38,27,94,36
BooneJo01 ,2006,Josh,Boone,NJN,N,61,672,254,64,112,176,10,11,21,33,94,171,99,103,56,0,0
BOOTHCA01 ,2006,Calvin,Booth,WAS,N,44,380,69,27,54,81,18,4,29,9,71,66,31,10,6,2,1
BOOZECA01 ,2006,Carlos,Boozer,UTA,N,74,2564,1549,234,632,866,221,70,21,194,217,1153,647,372,255,0,0
BOSHCH01  ,2006,Chris,Bosh,TOR,N,69,2655,1561,186,555,741,175,39,90,179,163,1094,543,590,463,35,12
BOWENBR01 ,2006,Bruce,Bowen,SAS,N,82,2462,510,23,200,223,117,62,25,65,175,466,189,73,43,231,89
BOYKIEA01 ,2006,Earl,Boykins,DEN,N,31,877,472,23,40,63,132,25,2,52,31,378,156,131,119,110,41
BOYKIEA01 ,2006,Earl,Boykins,MIL,N,35,1154,489,26,50,76,159,31,0,68,61,391,167,114,101,129,54
BOYKIEA01 ,2006,Earl,Boykins,TOT,N,66,2031,961,49,90,139,291,56,2,120,92,769,323,245,220,239,95
BozemCe01 ,2006,Cedric,Bozeman,ATL,N,23,198,26,3,20,23,9,5,2,9,32,39,11,6,2,13,2
BRANDEL01 ,2006,Elton,Brand,LAC,N,80,3073,1642,268,476,744,235,77,179,202,238,1211,645,461,351,1,1
BreweRo02 ,2006,Ronnie,Brewer,UTA,N,56,671,260,37,38,75,24,37,6,24,44,193,102,83,56,9,0
BREZEPR01 ,2006,Primoz,Brezec,CHR,N,58,842,288,80,104,184,23,11,23,38,161,274,122,68,43,3,1
BrownAn01 ,2006,Andre,Brown,SEA,N,38,272,93,26,48,74,2,6,4,29,26,74,42,15,9,1,0
BROWNDE02 ,2006,Devin,Brown,NOO,N,58,1664,670,55,196,251,149,44,9,91,139,555,233,155,123,227,81
BrownDe03 ,2006,Dee.,Brown,UTA,N,49,450,94,8,32,40,83,22,7,31,51,98,32,37,24,28,6
BROWNKW01 ,2006,Kwame,Brown,LAL,N,41,1131,345,81,163,244,75,39,49,76,123,242,143,134,59,1,0
BROWNPJ01 ,2006,P.J.,Brown,CHI,N,72,1453,436,129,218,347,48,24,52,85,187,418,170,122,96,2,0
BrownSh01 ,2006,Shannon,Brown,CLE,N,23,200,73,6,15,21,10,7,3,14,24,74,28,14,10,25,7
BRYANKO01 ,2006,Kobe,Bryant,LAL,N,77,3142,2430,75,364,439,413,111,36,255,205,1757,813,768,667,398,137
BUCKNGR01 ,2006,Greg,Buckner,DAL,N,76,1374,305,35,123,158,70,46,7,40,152,299,123,34,27,103,32
BURKEPA01 ,2006,Pat,Burke,PHO,N,23,164,60,12,35,47,5,3,2,7,19,65,23,13,8,22,6
BUTLECA01 ,2006,Caron,Butler,WAS,N,63,2474,1203,147,320,467,233,134,17,181,188,975,451,328,283,72,18
BUTLEJA01 ,2006,Jackie,Butler,SAS,N,11,103,41,6,16,22,5,2,0,10,16,35,16,10,9,0,0
BUTLERA01 ,2006,Rasual,Butler,NOO,N,81,2225,818,42,214,256,63,40,54,67,148,788,314,87,56,363,134
BYNUMAN01 ,2006,Andrew,Bynum,LAL,N,82,1794,637,139,345,484,94,12,128,115,249,443,247,214,143,3,0
CALDEJO01 ,2006,Jose,Calderon,TOR,N,77,1615,668,21,113,134,387,63,5,110,136,505,263,143,117,75,25
CAMBYMA01 ,2006,Marcus,Camby,DEN,N,70,2372,785,164,652,816,223,87,232,122,183,659,312,221,161,2,0
CARDIBR01 ,2006,Brian,Cardinal,MEM,N,28,315,127,13,46,59,31,22,1,23,42,85,42,27,25,44,18
CarneRo01 ,2006,Rodney,Carney,PHI,N,67,1173,442,39,89,128,26,38,23,43,118,392,182,87,53,72,25
CARROMA01 ,2006,Matt,Carroll,CHR,N,72,1877,869,35,172,207,91,53,9,73,176,658,285,208,188,267,111
CARTEAN01 ,2006,Anthony,Carter,DEN,N,2,37,6,0,3,3,11,0,1,6,4,8,3,0,0,2,0
CARTEVI01 ,2006,Vince,Carter,NJN,N,82,3127,2070,114,378,492,393,82,30,217,266,1598,726,576,462,437,156
CASSESA01 ,2006,Sam,Cassell,LAC,N,58,1411,714,27,140,167,270,28,8,101,126,625,261,182,160,109,32
CATOKE01  ,2006,Kelvin,Cato,NYK,N,18,95,22,12,19,31,0,3,10,6,10,22,7,12,8,0,0
CHANDTY01 ,2006,Tyson,Chandler,NOO,N,73,2525,690,320,584,904,66,37,129,126,244,468,292,201,106,1,0
CHILDJO01 ,2006,Josh,Childress,ATL,N,55,2025,715,124,217,341,127,58,36,80,118,518,261,210,167,77,26
CHRISDO01 ,2006,Doug,Christie,LAC,N,7,82,13,3,8,11,8,3,1,5,11,17,5,3,2,6,1
CLAXTSP01 ,2006,Craig,Claxton,ATL,N,42,1052,221,12,69,81,185,72,4,75,131,278,91,60,33,28,6
COLLIJA03 ,2006,Jason,Collins,NJN,N,80,1845,169,90,226,316,46,40,38,73,273,151,55,127,59,2,0
COLLIJA04 ,2006,Jarron,Collins,UTA,N,82,920,204,71,100,171,60,13,8,37,147,170,75,83,54,0,0
ColliMa01 ,2006,Mardy,Collins,NYK,N,52,777,235,28,76,104,83,32,3,57,75,228,87,82,48,47,13
COLLINI01 ,2006,Nick,Collison,SEA,N,82,2379,790,229,437,666,82,48,66,123,290,636,318,199,154,2,0
ConroWi01 ,2006,Will,Conroy,MEM,N,3,16,0,1,1,2,1,0,0,0,1,0,0,0,0,0,0
ConroWi01 ,2006,Will,Conroy,LAC,N,4,35,0,2,3,5,8,0,0,2,6,3,0,4,0,0,0
ConroWi01 ,2006,Will,Conroy,TOT,N,7,51,0,3,4,7,9,0,0,2,7,3,0,4,0,0,0
COOKBR01  ,2006,Brian,Cook,LAL,N,65,1017,450,62,154,216,65,25,26,51,134,409,185,47,34,115,46
CRAWFJA01 ,2006,Jamal,Crawford,NYK,N,59,2198,1039,44,145,189,259,57,8,162,114,886,354,272,228,322,103
CROSHAU01 ,2006,Austin,Croshere,DAL,N,61,727,227,33,153,186,44,14,6,33,68,222,78,52,45,91,26
CURRYED01 ,2006,Eddy,Curry,NYK,N,81,2850,1576,195,376,571,68,34,40,295,265,1016,585,659,405,1,1
DALEMSA01 ,2006,Samuel,Dalembert,PHI,N,82,2540,879,239,494,733,64,47,159,161,286,658,356,224,167,2,0
DAMPIER01 ,2006,Erick,Dampier,DAL,N,76,1914,537,217,349,566,44,24,82,107,239,334,209,191,119,0,0
DANIEAN01 ,2006,Antonio,Daniels,WAS,N,80,1764,571,18,133,151,290,39,9,69,79,390,172,250,208,63,19
DANIEMA01 ,2006,Marquis,Daniels,IND,N,45,800,320,26,56,82,57,27,7,55,56,281,129,80,56,26,6
DAVISBA01 ,2006,Baron,Davis,GSW,N,63,2222,1264,51,225,276,509,135,29,193,181,1030,452,369,275,280,85
DAVISDA01 ,2006,Dale,Davis,DET,N,46,461,83,59,78,137,12,10,34,15,59,74,33,26,17,0,0
DavisPa01 ,2006,Paul,Davis,LAC,N,31,179,51,21,23,44,7,6,5,8,28,52,22,10,7,0,0
DAVISRI01 ,2006,Ricky,Davis,MIN,N,81,3021,1374,54,261,315,385,80,23,210,189,1089,506,285,239,310,123
DELFICA01 ,2006,Carlos,Delfino,DET,N,82,1373,428,67,199,266,88,46,8,61,97,376,156,89,70,138,46
DENGLU01  ,2006,Luol,Deng,CHI,N,82,3074,1540,148,431,579,204,97,48,153,167,1218,630,359,279,7,1
DiawaYa01 ,2006,Yakhouba,Diawara,DEN,N,64,1178,284,27,83,110,55,30,7,37,132,292,100,53,35,170,49
DIAWBO01  ,2006,Boris,Diaw,PHO,N,73,2275,709,91,226,317,352,28,38,154,177,569,306,120,82,45,15
DICKADA01 ,2006,Dan,Dickau,POR,N,50,445,166,7,36,43,70,14,1,27,55,151,54,53,42,61,16
DIENETR01 ,2006,Travis,Diener,ORL,N,26,286,98,3,15,18,35,4,0,13,27,80,34,15,12,50,18
DIOGUIK01 ,2006,Ike,Diogu,IND,N,42,537,243,54,86,140,20,5,15,49,87,183,83,96,77,0,0
DIOGUIK01 ,2006,Ike,Diogu,GSW,N,17,222,123,21,42,63,5,3,11,18,35,83,44,44,35,0,0
DIOGUIK01 ,2006,Ike,Diogu,TOT,N,59,759,366,75,128,203,25,8,26,67,122,266,127,140,112,0,0
DIOPDE01  ,2006,DeSagana,Diop,DAL,N,81,1476,190,166,272,438,30,40,113,63,244,151,71,86,48,1,0
DIXONJU01 ,2006,Juan,Dixon,TOR,N,26,684,288,11,62,73,41,27,2,24,65,259,110,44,41,83,27
DIXONJU01 ,2006,Juan,Dixon,POR,N,55,1243,490,16,69,85,82,49,7,77,112,444,189,72,60,143,52
DIXONJU01 ,2006,Juan,Dixon,TOT,N,81,1927,778,27,131,158,123,76,9,101,177,703,299,116,101,226,79
DOLEAMI01 ,2006,Michael,Doleac,MIA,N,56,699,200,44,111,155,22,18,15,30,96,175,82,41,36,1,0
DOOLIKE01 ,2006,Keyon,Dooling,ORL,N,66,1437,521,22,64,86,112,52,15,72,125,458,188,141,114,96,31
DoubyQu01 ,2006,Quincy,Douby,SAC,N,42,359,119,11,26,37,15,15,4,15,21,126,48,15,11,50,12
DUHONCH01 ,2006,Chris,Duhon,CHI,N,78,1907,558,23,146,169,310,69,6,105,150,483,197,101,76,245,88
DUNCATI01 ,2006,Tim,Duncan,SAS,N,80,2728,1599,213,632,845,273,66,190,223,203,1131,618,568,362,9,1
DUNLEMI02 ,2006,Mike,Dunleavy Jr.,GSW,N,39,1052,446,40,147,187,117,38,12,71,83,370,166,101,78,104,36
DUNLEMI02 ,2006,Mike,Dunleavy Jr.,IND,N,43,1531,603,44,200,244,111,46,10,78,120,480,218,168,133,120,34
DUNLEMI02 ,2006,Mike,Dunleavy Jr.,TOT,N,82,2583,1049,84,347,431,228,84,22,149,203,850,384,269,211,224,70
DUPRERO01 ,2006,Ronald,Dupree,DET,N,19,92,25,5,12,17,5,5,1,3,12,31,11,9,3,0,0
ELLISMO01 ,2006,Monta,Ellis,GSW,N,77,2640,1272,62,181,243,319,132,21,221,210,1010,480,358,273,143,39
ELSONFR01 ,2006,Francisco,Elson,SAS,N,70,1333,350,81,255,336,55,31,59,86,184,282,144,80,62,2,0
ELYME01   ,2006,Melvin,Ely,CHR,N,24,245,70,12,27,39,14,2,6,24,39,60,23,35,24,0,0
ELYME01   ,2006,Melvin,Ely,SAS,N,6,65,19,3,11,14,4,4,2,5,12,20,6,12,7,0,0
ELYME01   ,2006,Melvin,Ely,TOT,N,30,310,89,15,38,53,18,6,8,29,51,80,29,47,31,0,0
EVANSMA01 ,2006,Maurice,Evans,LAL,N,76,1736,638,93,128,221,74,38,14,57,126,542,234,155,122,133,48
EVANSRE01 ,2006,Reggie,Evans,DEN,N,66,1129,325,156,304,460,45,42,16,95,143,215,117,183,91,0,0
EWINGDA01 ,2006,Daniel,Ewing,LAC,N,61,711,179,9,64,73,90,32,4,50,62,161,65,45,35,44,14
FarmaJo01 ,2006,Jordan,Farmar,LAL,N,71,1086,320,22,96,118,135,43,7,73,74,294,124,38,27,137,45
FarmeDe01 ,2006,Desmon,Farmer,SEA,N,8,32,13,0,1,1,9,1,0,1,2,15,5,1,1,8,2
FELTORA01 ,2006,Raymond,Felton,CHR,N,78,2837,1093,51,216,267,545,118,10,230,180,1024,393,256,204,312,103
FINLEMI01 ,2006,Michael,Finley,SAS,N,82,1820,740,34,189,223,108,32,16,46,76,663,273,98,90,286,104
FISHEDE01 ,2006,Derek,Fisher,UTA,N,82,2286,826,30,119,149,274,83,6,120,234,675,258,307,262,156,48
FORDTJ01  ,2006,T.J.,Ford,TOR,N,75,2244,1047,53,183,236,595,101,8,231,186,902,393,293,240,69,21
FORTSDA01 ,2006,Danny,Fortson,SEA,N,14,158,40,13,30,43,1,1,0,15,38,30,15,13,10,1,0
FOSTEJE01 ,2006,Jeff,Foster,IND,N,75,1742,322,252,356,608,57,62,37,70,202,259,122,122,78,1,0
FoyeRa01  ,2006,Randy,Foye,MIN,N,82,1876,832,49,169,218,232,53,21,152,184,691,300,192,164,185,68
FOYLEAD01 ,2006,Adonal,Foyle,GSW,N,48,479,107,51,75,126,19,11,50,23,61,85,48,25,11,0,0
FRANCST01 ,2006,Steve,Francis,NYK,N,44,1237,497,33,124,157,170,40,12,100,126,343,140,211,175,111,42
FREIJMA01 ,2006,Matt,Freije,ATL,N,19,146,40,8,16,24,7,3,1,3,13,54,16,6,5,22,3
FRYECH01  ,2006,Channing,Frye,NYK,N,72,1897,684,91,304,395,67,37,42,100,216,689,298,108,85,18,3
GADZUDA01 ,2006,Dan,Gadzuric,MIL,N,54,841,258,94,152,246,29,22,32,49,141,228,108,90,42,1,0
GarbaJo01 ,2006,Jorge,Garbajosa,TOR,N,67,1906,567,48,282,330,125,78,15,64,90,529,222,78,57,193,66
GARCIFR01 ,2006,Francisco,Garcia,SAC,N,79,1408,474,53,152,205,87,45,43,70,190,380,163,114,95,149,53
GARNEKE01 ,2006,Kevin,Garnett,MIN,N,76,2999,1704,183,792,975,313,89,126,205,184,1341,638,498,416,56,12
GARRIPA01 ,2006,Pat,Garrity,ORL,N,33,277,71,12,30,42,14,7,0,14,37,70,22,18,16,32,11
GASOLPA01 ,2006,Pau,Gasol,MEM,N,59,2133,1226,149,432,581,201,29,126,162,137,858,462,400,299,11,3
GayRu01   ,2006,Rudy,Gay,MEM,N,78,2107,846,93,254,347,100,70,74,140,192,760,321,209,152,143,52
GelabMi01 ,2006,Mickael,Gelabale,SEA,N,70,1235,321,59,114,173,56,24,22,49,108,264,122,82,66,47,11
GEORGDE01 ,2006,Devean,George,DAL,N,60,1283,381,57,156,213,33,46,23,51,143,369,146,48,36,149,53
GibsoDa01 ,2006,Daniel,Gibson,CLE,N,60,990,276,28,64,92,69,23,8,44,94,231,98,39,28,124,52
GINOBEM01 ,2006,Emmanuel,Ginobili,SAS,N,75,2064,1240,59,268,327,263,109,27,157,155,854,396,372,320,323,128
GIRICGO01 ,2006,Gordan,Giricek,UTA,N,61,1190,475,24,105,129,63,28,5,64,122,381,176,87,71,122,52
GlyniAn01 ,2006,Andreas,Glyniadakis,SEA,N,13,80,17,2,6,8,1,0,0,9,19,17,8,2,1,0,0
GOMESRY01 ,2006,Ryan,Gomes,BOS,N,73,2274,881,125,282,407,119,48,13,105,169,723,338,233,189,42,16
GOODEDR01 ,2006,Drew,Gooden,CLE,N,80,2239,885,263,418,681,88,70,28,115,210,784,371,199,142,6,1
GORDOBE01 ,2006,Ben,Gordon,CHI,N,82,2704,1753,34,223,257,296,63,17,249,252,1338,609,440,380,375,155
GRAHAJO01 ,2006,Joey,Graham,TOR,N,79,1323,503,55,193,248,44,29,4,49,161,388,192,131,110,31,9
GRAHAST01 ,2006,Stephen,Graham,POR,N,14,165,45,6,15,21,5,4,1,13,25,40,17,9,8,11,3
GRANGDA01 ,2006,Danny,Granger,IND,N,82,2789,1142,114,267,381,114,66,61,135,245,867,398,294,236,288,110
GREENGE01 ,2006,Gerald,Green,BOS,N,81,1779,843,68,140,208,83,41,25,120,198,739,310,159,128,258,95
GREENOR01 ,2006,Orien,Greene,IND,N,41,254,63,12,32,44,22,17,4,28,38,62,23,25,15,11,2
GREENWI01 ,2006,Willie,Green,PHI,N,74,1846,839,42,116,158,112,56,4,106,144,868,357,111,74,157,51
GreerLy01 ,2006,Lynn,Greer,MIL,N,41,438,167,2,25,27,53,17,1,18,32,141,61,32,27,52,18
GRIFFAD01 ,2006,Adrian,Griffin,CHI,N,54,585,137,41,69,110,59,33,4,38,78,129,61,19,15,6,0
GRIFFED01 ,2006,Eddie,Griffin,MIN,N,13,91,18,7,18,25,4,0,7,6,8,27,7,5,4,1,0
HallMi01  ,2006,Mike,Hall,WAS,N,2,13,2,1,1,2,1,0,0,0,1,4,1,0,0,0,0
HAMILRI01 ,2006,Richard,Hamilton,DET,N,75,2761,1485,75,207,282,285,59,15,159,232,1170,547,403,347,129,44
HARPRMA01 ,2006,Matt,Harpring,UTA,N,77,1967,894,117,236,353,99,52,11,118,232,656,322,309,237,39,13
HARRIAL01 ,2006,Al,Harrington,IND,N,36,1209,572,71,155,226,51,25,10,91,115,487,223,101,72,118,54
HARRIAL01 ,2006,Al,Harrington,GSW,N,42,1356,713,80,190,270,98,40,14,78,153,597,272,141,96,175,73
HARRIAL01 ,2006,Al,Harrington,TOT,N,78,2565,1285,151,345,496,149,65,24,169,268,1084,495,242,168,293,127
HARRIDA01 ,2006,David,Harrison,IND,N,24,191,71,9,33,42,6,5,12,26,47,58,30,22,11,0,0
HARRIDE01 ,2006,Devin,Harris,DAL,N,80,2088,813,45,151,196,296,96,21,146,242,593,292,261,215,50,14
HARRILO01 ,2006,Junior,Harrington,MEM,N,29,543,152,12,56,68,89,21,5,52,79,137,57,46,31,26,7
HARRIOT01 ,2006,Othella,Harrington,CHR,N,26,224,67,13,25,38,6,1,1,15,49,56,25,22,17,0,0
HARTJA01  ,2006,Jason,Hart,SAC,N,13,100,43,2,13,15,10,3,0,4,23,30,15,11,10,6,3
HARTJA01  ,2006,Jason,Hart,LAC,N,23,747,206,12,71,83,93,41,1,34,60,194,85,36,32,23,4
HARTJA01  ,2006,Jason,Hart,TOT,N,36,847,249,14,84,98,103,44,1,38,83,224,100,47,42,29,7
HASLEUD01 ,2006,Udonis,Haslem,MIA,N,79,2487,844,188,466,654,97,49,26,110,236,717,353,203,138,4,0
HASSETR01 ,2006,Trenton,Hassell,MIN,N,76,2219,514,83,160,243,203,22,26,80,144,444,218,92,72,25,6
HAYESCH01 ,2006,Chuck,Hayes,HOU,N,78,1716,439,204,317,521,47,70,18,64,281,335,192,89,55,0,0
HAYESJA01 ,2006,Jarvis,Hayes,WAS,N,81,1627,585,42,168,210,80,48,13,56,160,546,224,84,71,183,66
HAYWOBR01 ,2006,Brendan,Haywood,WAS,N,77,1741,511,195,282,477,47,34,88,90,208,355,198,210,115,0,0
HEADLU01  ,2006,Luther,Head,HOU,N,80,2209,875,31,221,252,194,76,5,137,133,701,307,105,83,402,178
HENDEAL01 ,2006,Alan,Henderson,PHI,N,38,418,119,48,59,107,10,9,12,12,62,67,43,47,33,0,0
HerrmWa01 ,2006,Walter,Herrmann,CHR,N,48,937,442,28,111,139,26,17,7,32,76,330,174,53,41,115,53
HILARMA01 ,2006,Nene,Hilario,DEN,N,64,1717,783,150,299,449,77,62,58,127,209,516,294,283,195,1,0
HILLGR01  ,2006,Grant,Hill,ORL,N,65,2010,934,53,184,237,138,61,25,144,146,660,342,324,248,12,2
HINRIKI01 ,2006,Kirk,Hinrich,CHI,N,80,2841,1327,32,242,274,500,100,23,191,274,1061,475,285,237,337,140
HiteRo01  ,2006,Robert,Hite,MIA,N,12,136,51,4,12,16,8,3,2,6,8,60,19,12,8,23,5
HODGEJU01 ,2006,Julius,Hodge,MIL,N,5,27,9,1,4,5,2,1,0,2,3,7,4,2,1,0,0
HODGEJU01 ,2006,Julius,Hodge,DEN,N,3,35,6,1,2,3,10,3,0,1,3,5,2,2,2,0,0
HODGEJU01 ,2006,Julius,Hodge,TOT,N,8,62,15,2,6,8,12,4,0,3,6,12,6,4,3,0,0
HolliRy01 ,2006,Ryan,Hollins,CHR,N,27,185,64,11,20,31,1,4,7,16,40,36,20,40,24,0,0
HORRYRO01 ,2006,Robert,Horry,SAS,N,68,1127,268,73,156,229,77,45,41,44,105,251,90,64,38,149,50
HOUSEED01 ,2006,Eddie,House,NJN,N,56,943,468,14,78,92,67,27,3,27,69,421,180,36,33,175,75
HOWARDW01 ,2006,Dwight,Howard,ORL,N,82,3025,1443,283,725,1008,158,70,156,317,245,873,526,666,390,2,1
HOWARJO01 ,2006,Josh,Howard,DAL,N,70,2458,1323,131,345,476,127,82,56,123,180,1076,494,294,243,239,92
HOWARJU01 ,2006,Juwan,Howard,HOU,N,80,2127,773,138,332,470,131,29,8,112,205,665,309,188,155,0,0
HUDSOTR01 ,2006,Troy,Hudson,MIN,N,34,557,202,8,40,48,73,14,2,40,23,195,74,32,26,80,28
HUGHELA01 ,2006,Larry,Hughes,CLE,N,70,2597,1045,41,226,267,256,89,26,154,164,953,381,309,209,222,74
HUMPHKR01 ,2006,Kris,Humphries,TOR,N,60,668,227,78,109,187,18,13,21,32,97,185,87,79,53,0,0
HUNTELI01 ,2006,Lindsey,Hunter,DET,N,52,746,256,9,38,47,93,34,7,35,56,244,94,33,30,119,38
HUNTEST01 ,2006,Steven,Hunter,PHI,N,70,1604,450,114,221,335,26,13,76,65,137,326,188,151,74,0,0
IGUODAN01 ,2006,Andre,Iguodala,PHI,N,76,3062,1386,77,357,434,432,152,33,261,200,991,443,551,452,155,48
ILGAUZY01 ,2006,Zydrunas,Ilgauskas,CLE,N,78,2134,925,242,357,599,123,48,98,141,257,793,385,192,155,1,0
IlicMi01  ,2006,Mile,Ilic,NJN,N,5,5,0,0,1,1,0,0,0,3,1,3,0,0,0,0,0
IlyasEr01 ,2006,Ersan,Ilyasova,MIL,N,66,976,402,58,131,189,49,27,17,51,147,363,139,89,70,148,54
IVERSAL01 ,2006,Allen,Iverson,DEN,N,50,2124,1241,16,136,152,359,90,12,202,75,947,430,436,331,144,50
IVERSAL01 ,2006,Allen,Iverson,PHI,N,15,640,468,7,34,41,109,33,1,66,21,366,151,174,154,53,12
IVERSAL01 ,2006,Allen,Iverson,TOT,N,65,2764,1709,23,170,193,468,123,13,268,96,1313,581,610,485,197,62
IVEYRO01  ,2006,Royal,Ivey,ATL,N,53,538,157,15,36,51,45,24,4,31,62,143,64,35,24,16,5
JACKJA01  ,2006,Jarrett,Jack,POR,N,79,2649,946,18,190,208,417,86,9,187,202,705,320,279,243,180,63
JACKSBO01 ,2006,Bobby,Jackson,NOO,N,56,1327,592,42,136,178,141,50,6,78,98,518,204,168,130,165,54
JACKSLU02 ,2006,Luke,Jackson,LAC,N,3,17,3,0,1,1,4,0,0,1,3,8,1,0,0,4,1
JACKSLU02 ,2006,Luke,Jackson,TOR,N,10,122,45,2,7,9,9,5,1,6,12,35,18,9,5,13,4
JACKSLU02 ,2006,Luke,Jackson,TOT,N,13,139,48,2,8,10,13,5,1,7,15,43,19,9,5,17,5
JACKSMA02 ,2006,Marc,Jackson,NOO,N,56,1021,408,62,130,192,58,21,7,65,89,388,159,103,90,1,0
JACKSST02 ,2006,Stephen,Jackson,IND,N,37,1185,521,17,78,95,114,33,20,81,87,430,180,146,120,138,41
JACKSST02 ,2006,Stephen,Jackson,GSW,N,38,1290,640,44,83,127,173,51,14,102,113,514,229,153,123,173,59
JACKSST02 ,2006,Stephen,Jackson,TOT,N,75,2475,1161,61,161,222,287,84,34,183,200,944,409,299,243,311,100
JAMESJE01 ,2006,Jerome,James,NYK,N,41,270,76,21,45,66,3,6,15,23,73,79,33,18,10,0,0
JAMESLE01 ,2006,LeBron,James,CLE,N,78,3195,2132,83,443,526,470,125,55,250,170,1621,772,701,489,310,99
JAMESMI01 ,2006,Mike,James,MIN,N,82,2075,826,25,138,163,297,55,7,129,171,701,296,184,154,215,80
JAMISAN01 ,2006,Antawn,Jamison,WAS,N,70,2660,1388,134,428,562,136,80,36,104,194,1139,512,307,226,379,138
JARICMA01 ,2006,Marko,Jaric,MIN,N,70,1558,371,54,130,184,145,75,16,88,172,325,136,88,67,85,32
JASIKSA01 ,2006,Sarunas,Jasikevicius ,GSW,N,26,311,113,5,16,21,61,13,1,31,22,101,37,31,27,44,12
JASIKSA01 ,2006,Sarunas,Jasikevicius ,IND,N,37,661,273,10,38,48,111,13,0,59,53,221,91,64,59,86,32
JASIKSA01 ,2006,Sarunas,Jasikevicius ,TOT,N,63,972,386,15,54,69,172,26,1,90,75,322,128,95,86,130,44
JEFFEAL01 ,2006,Al,Jefferson,BOS,N,69,2320,1107,237,519,756,88,48,106,136,232,882,453,295,201,1,0
JEFFERI01 ,2006,Richard,Jefferson,NJN,N,55,1958,897,48,192,240,148,34,8,120,123,665,303,326,239,145,52
JEFFRJA01 ,2006,Jared,Jeffries,NYK,N,55,1309,223,111,127,238,67,43,30,61,150,206,95,68,31,20,2
JohnsAl01 ,2006,Alexander,Johnson,MEM,N,59,751,260,50,131,181,17,25,35,47,137,169,91,118,78,0,0
JOHNSAM01 ,2006,Amir,Johnson,DET,N,8,125,47,15,22,37,3,5,13,9,19,33,18,14,11,3,0
JOHNSAN02 ,2006,Anthony,Johnson,DAL,N,40,561,152,13,35,48,78,16,1,31,68,147,60,29,21,30,11
JOHNSAN02 ,2006,Anthony,Johnson,ATL,N,27,736,203,9,44,53,123,17,2,45,51,197,82,32,25,44,14
JOHNSAN02 ,2006,Anthony,Johnson,TOT,N,67,1297,355,22,79,101,201,33,3,76,119,344,142,61,46,74,25
JOHNSDE03 ,2006,DerMarr,Johnson,DEN,N,39,418,135,10,47,57,17,16,12,27,39,154,50,21,16,88,19
JOHNSJO02 ,2006,Joe,Johnson,ATL,N,57,2360,1426,53,186,239,249,60,11,176,115,1139,536,314,235,312,119
JOHNSLI01 ,2006,Linton,Johnson,NOO,N,54,721,226,52,111,163,18,33,18,27,101,190,93,37,30,30,10
JonesBo02 ,2006,Bobby,Jones,PHI,N,44,335,110,22,35,57,16,11,1,18,59,93,43,41,23,9,1
JONESDA01 ,2006,Damon,Jones,CLE,N,60,1177,393,9,57,66,94,16,2,36,53,355,137,44,30,231,89
JONESDA02 ,2006,Dahntay,Jones,MEM,N,78,1666,583,47,106,153,68,39,22,92,192,461,220,174,138,12,5
JONESDW02 ,2006,Dwayne,Jones,CLE,N,4,17,3,1,5,6,0,0,0,2,3,1,0,6,3,0,0
JONESED01 ,2006,Eddie,Jones,MEM,N,29,560,161,14,47,61,33,22,2,23,54,151,57,34,25,74,22
JONESED01 ,2006,Eddie,Jones,MIA,N,35,1029,332,17,112,129,76,46,8,24,70,271,121,41,34,148,56
JONESED01 ,2006,Eddie,Jones,TOT,N,64,1589,493,31,159,190,109,68,10,47,124,422,178,75,59,222,78
JONESFR01 ,2006,Freddie,Jones,TOT,N,63,1318,412,23,92,115,108,48,16,67,121,361,139,114,95,128,39
JONESFR01 ,2006,Freddie,Jones,POR,N,24,449,115,7,26,33,53,18,4,17,41,112,43,26,22,27,7
JONESFR01 ,2006,Freddie,Jones,TOR,N,39,869,297,16,66,82,55,30,12,50,80,249,96,88,73,101,32
JONESJA02 ,2006,James,Jones,PHO,N,76,1379,485,33,143,176,45,28,42,28,115,440,162,81,71,238,90
JONESJU01 ,2006,Jumaine,Jones,PHO,N,18,139,40,6,17,23,1,5,1,7,19,51,14,2,2,32,10
JonesSo01 ,2006,Solomon,Jones,ATL,N,58,670,189,49,87,136,11,11,42,25,124,128,65,75,59,1,0
KAMANCH01 ,2006,Chris,Kaman,LAC,N,75,2174,754,160,428,588,79,41,116,147,251,652,294,224,166,1,0
KAPONJA01 ,2006,Jason,Kapono,MIA,N,67,1768,730,26,154,180,81,38,2,70,135,563,278,74,66,210,108
KHRYAVI01 ,2006,Viktor,Khryapa,CHI,N,33,233,73,20,37,57,21,10,1,16,53,70,27,26,19,6,0
KIDDJA01  ,2006,Jason,Kidd,NJN,N,80,2936,1041,135,520,655,736,127,23,213,146,908,369,230,179,361,124
KinseTa01 ,2006,Tarence,Kinsey,MEM,N,48,968,369,28,69,97,41,53,2,46,57,303,139,98,78,46,13
KIRILAN01 ,2006,Andrei,Kirilenko,UTA,N,70,2048,584,88,241,329,202,74,144,135,172,418,197,239,174,75,16
KLEIZLI01 ,2006,Linas,Kleiza,DEN,N,79,1487,598,77,189,266,45,28,14,79,200,474,200,135,115,221,83
KNIGHBR01 ,2006,Brevin,Knight,CHR,N,45,1273,408,14,101,115,296,67,3,95,113,363,152,128,103,18,1
KOROLYA01 ,2006,Yaroslav,Korolev,LAC,N,10,41,12,1,2,3,4,3,0,1,0,16,4,6,3,5,1
KORVEKY01 ,2006,Kyle,Korver,PHI,N,74,2291,1067,30,229,259,105,57,20,117,188,845,372,209,191,307,132
KRSTINE01 ,2006,Nenad,Krstic,NJN,N,26,849,426,51,125,176,46,10,24,52,88,323,170,121,86,1,0
LAFRERA01 ,2006,Raef,LaFrentz,POR,N,27,353,100,25,45,70,8,7,11,13,57,102,39,26,20,23,2
LangJa01  ,2006,James,Lang,WAS,N,11,55,11,5,6,11,2,0,3,2,14,9,4,5,3,0,0
LEEDA02   ,2006,David,Lee,NYK,N,58,1730,621,196,406,602,104,48,23,92,155,400,240,173,141,0,0
LEWISRA01 ,2006,Rashard,Lewis,SEA,N,60,2350,1342,91,305,396,145,68,39,118,143,1005,463,315,265,387,151
LIVINRA01 ,2006,Randy,Livingston,SEA,N,4,25,0,1,0,1,4,0,0,1,2,3,0,0,0,0,0
LIVINSH01 ,2006,Shaun,Livingston,LAC,N,54,1613,503,56,128,184,274,59,29,108,135,449,208,116,82,16,5
LowryKy01 ,2006,Kyle,Lowry,MEM,N,10,174,56,12,19,31,32,14,1,12,20,38,14,28,25,8,3
LUCASJO02 ,2006,John,Lucas,HOU,N,47,381,154,9,27,36,33,17,0,15,38,156,62,19,15,59,15
LUETY01   ,2006,Tyronn,Lue,ATL,N,56,1485,636,19,85,104,201,24,0,85,101,524,218,163,144,160,56
MADSEMA01 ,2006,Mark,Madsen,MIN,N,56,471,61,35,52,87,10,10,10,21,100,43,23,29,15,0,0
MAGGECO01 ,2006,Corey,Maggette,LAC,N,75,2295,1266,90,352,442,208,65,14,201,244,808,367,633,519,65,13
MAGLOJA01 ,2006,Jamaal,Magloire,POR,N,81,1706,529,151,341,492,30,21,66,129,226,395,199,242,131,0,0
MajorRe01 ,2006,Renaldo,Major,GSW,N,1,27,5,0,2,2,0,2,0,1,4,10,2,2,1,0,0
MARBUST01 ,2006,Stephon,Marbury,NYK,N,74,2751,1210,36,177,213,403,71,10,179,185,952,395,386,297,345,123
MARIOSH01 ,2006,Shawn,Marion,PHO,N,80,3007,1403,172,613,785,134,156,122,114,216,1071,561,248,201,252,80
MarkoDa01 ,2006,Damir,Markota,MIL,N,30,171,51,11,20,31,6,3,1,15,22,52,19,11,7,16,6
MARKSSE01 ,2006,Sean,Marks,PHO,N,3,17,6,0,3,3,0,0,1,0,4,6,2,2,2,1,0
MARSHDO01 ,2006,Donyell,Marshall,CLE,N,81,1361,566,86,237,323,46,39,43,67,130,493,209,80,53,271,95
MARSHRA01 ,2006,Rawle,Marshall,IND,N,40,362,99,8,21,29,13,12,5,19,22,89,32,45,31,18,4
MARTIDA01 ,2006,Darrick,Martin,TOR,N,32,221,94,2,10,12,43,3,0,12,22,94,33,21,15,37,13
MARTIKE01 ,2006,Kenyon,Martin,DEN,N,2,62,19,6,14,20,1,0,0,5,10,16,8,12,3,1,0
MARTIKE02 ,2006,Kevin,Martin,SAC,N,80,2818,1618,69,273,342,173,98,11,135,181,1067,505,570,481,333,127
MASONDE01 ,2006,Desmond,Mason,NOO,N,75,2575,1028,124,221,345,115,52,22,192,174,900,407,323,214,0,0
MASONRO01 ,2006,Roger,Mason,WAS,N,62,492,165,8,38,46,35,13,6,19,66,179,59,16,14,102,33
MAXIEJA01 ,2006,Jason,Maxiell,DET,N,67,943,334,88,98,186,14,30,60,53,110,262,131,137,72,0,0
MAYSE01   ,2006,Sean,May,CHR,N,35,837,416,73,160,233,66,19,24,56,100,328,164,112,86,3,2
MBENGDJ01 ,2006,D.J.,Mbenga,DAL,N,21,78,17,3,8,11,6,3,5,5,17,16,5,8,7,0,0
MCCANRA01 ,2006,Rashad,McCants,MIN,N,37,555,184,14,33,47,38,26,7,40,71,177,62,58,40,75,20
McCraCh01 ,2006,Chris,McCray,MIL,N,5,12,0,0,0,0,0,0,0,2,1,3,0,0,0,0,0
MCDYEAN01 ,2006,Antonio,McDyess,DET,N,82,1727,664,165,331,496,72,61,65,75,240,540,284,139,96,0,0
McFarIv01 ,2006,Ivan,McFarlin,PHI,N,11,40,15,7,4,11,1,0,0,1,8,13,5,7,5,1,0
MCGRATR01 ,2006,Tracy,McGrady,HOU,N,71,2543,1747,56,323,379,457,92,36,213,136,1480,638,488,345,381,126
MCINNJE01 ,2006,Jeff,McInnis,CHR,N,38,701,165,14,48,62,124,14,0,42,72,181,71,32,22,8,1
MCKIEAA01 ,2006,Aaron,McKie,LAL,N,10,131,22,1,17,18,13,4,0,8,13,17,11,0,0,0,0
MCLEOKE01 ,2006,Keith,McLeod,IND,N,22,336,93,1,21,22,45,7,2,23,30,83,32,25,22,22,7
MCLEOKE01 ,2006,Keith,McLeod,GSW,N,26,379,138,3,18,21,45,17,3,23,21,105,41,53,47,23,9
MCLEOKE01 ,2006,Keith,McLeod,TOT,N,48,715,231,4,39,43,90,24,5,46,51,188,73,78,69,45,16
MEDVEST01 ,2006,Slava,Medvedenko,ATL,N,14,82,42,4,10,14,2,0,2,5,16,29,12,20,17,2,1
MensaPo01 ,2006,Pops,Mensah-Bonsu,DAL,N,12,71,29,9,12,21,0,1,0,9,8,17,11,18,7,0,0
MILESCJ01 ,2006,C.J.,Miles,UTA,N,37,375,101,11,24,35,25,11,4,28,60,116,40,23,14,32,7
MILICDA01 ,2006,Darko,Milicic,ORL,N,80,1913,639,145,292,437,90,44,140,124,219,548,249,230,141,1,0
MILLEAN02 ,2006,Andre,Miller,DEN,N,23,821,300,25,79,104,209,37,4,70,58,248,117,85,62,16,4
MILLEAN02 ,2006,Andre,Miller,PHI,N,57,2143,775,72,176,248,416,73,6,152,126,661,307,198,160,19,1
MILLEAN02 ,2006,Andre,Miller,TOT,N,80,2964,1075,97,255,352,625,110,10,222,184,909,424,283,222,35,5
MILLEBR01 ,2006,Brad,Miller,SAC,N,63,1784,568,79,322,401,224,38,39,108,155,494,224,149,115,33,5
MILLEMI01 ,2006,Mike,Miller,MEM,N,70,2740,1293,52,326,378,298,54,18,179,138,1010,465,203,161,498,202
MillsPa01 ,2006,Paul,Millsap,UTA,N,82,1474,559,183,240,423,62,67,74,94,236,398,209,208,140,3,1
MINGYA01  ,2006,Yao,Ming,HOU,N,48,1625,1202,101,350,451,93,17,94,167,159,819,423,413,356,2,0
MOBLECU01 ,2006,Cuttino,Mobley,LAC,N,78,2840,1077,52,215,267,198,92,24,145,186,882,388,239,200,246,101
MOHAMNA01 ,2006,Nazr,Mohammed,DET,N,51,776,286,89,140,229,9,27,40,43,133,222,118,82,50,0,0
MOOREMI01 ,2006,Mikki,Moore,NJN,N,79,2083,776,145,258,403,74,46,60,113,261,506,308,235,160,1,0
MorriAd01 ,2006,Adam,Morrison,CHR,N,78,2331,917,54,176,230,163,28,6,130,179,944,355,169,120,258,87
MorriRa01 ,2006,Randolph,Morris,NYK,N,5,43,4,1,8,9,1,2,1,2,4,6,1,6,2,0,0
MOURNAL01 ,2006,Alonzo,Mourning,MIA,N,77,1572,661,126,224,350,18,13,178,129,218,425,238,308,185,0,0
MURPHTR01 ,2006,Troy,Murphy,GSW,N,26,666,231,37,120,157,60,21,17,29,63,180,81,66,47,59,22
MURPHTR01 ,2006,Troy,Murphy,IND,N,42,1183,467,63,194,257,66,25,25,49,133,402,185,79,61,88,36
MURPHTR01 ,2006,Troy,Murphy,TOT,N,68,1849,698,100,314,414,126,46,42,78,196,582,266,145,108,147,58
MURRARO01 ,2006,Ronald,Murray,DET,N,69,1474,465,26,87,113,187,49,13,90,96,438,177,120,87,83,24
MUTOMDI01 ,2006,Dikembe,Mutombo,HOU,N,75,1291,230,164,324,488,13,22,76,38,156,153,85,87,60,0,0
NACHBBO01 ,2006,Bostjan,Nachbar,NJN,N,76,1532,696,27,226,253,61,30,26,69,183,495,226,164,132,265,112
NAJERED01 ,2006,Eduardo,Najera,DEN,N,75,1659,497,131,179,310,64,73,26,56,207,354,204,123,88,12,1
NASHST01  ,2006,Steve,Nash,PHO,N,76,2685,1412,30,239,269,884,57,6,287,117,971,517,247,222,343,156
NELSOJA01 ,2006,Jameer,Nelson,ORL,N,77,2333,1000,50,186,236,330,73,5,184,225,875,376,221,183,194,65
NESTERA01 ,2006,Radoslav,Nesterovic,TOR,N,80,1680,494,115,245,360,74,37,84,56,193,421,230,50,34,1,0
NEWBLIR01 ,2006,Ira,Newble,CLE,N,15,129,46,13,17,30,2,6,0,3,17,37,16,10,6,15,8
NOCIOAN01 ,2006,Andres,Nocioni,CHI,N,53,1403,749,42,259,301,57,27,24,104,164,584,273,145,123,209,80
NoelDa01  ,2006,David,Noel,MIL,N,68,791,182,42,81,123,65,25,9,40,77,176,64,43,37,53,17
NovakSt01 ,2006,Steve,Novak,HOU,N,35,188,51,4,22,26,6,5,0,4,21,50,18,2,2,39,13
NOWITDI01 ,2006,Dirk,Nowitzki,DAL,N,78,2819,1916,122,571,693,263,52,62,167,171,1341,673,551,498,173,72
OBERTFA01 ,2006,Fabricio,Oberto,SAS,N,79,1364,349,131,237,368,68,25,24,69,213,281,158,51,33,0,0
OBryaPa01 ,2006,Patrick,O'Bryant,GSW,N,16,119,31,7,14,21,9,6,8,8,26,32,10,17,11,0,0
ODOMLA01  ,2006,Lamar,Odom,LAL,N,56,2203,890,102,445,547,270,53,32,163,182,681,319,283,198,182,54
OKAFOEM01 ,2006,Emeka,Okafor,CHR,N,67,2330,963,258,499,757,80,57,172,111,210,740,394,295,175,0,0
OKURME01  ,2006,Mehmet,Okur,UTA,N,80,2662,1405,160,419,579,156,36,38,125,257,1062,490,387,296,336,129
OLLIEKE01 ,2006,Kevin,Ollie,PHI,N,53,920,199,8,66,74,130,21,1,47,76,187,81,45,37,2,0
OLOWOMI01 ,2006,Michael,Olowokandi,BOS,N,24,236,40,14,34,48,5,8,13,17,48,46,19,3,2,0,0
ONEAJE01  ,2006,Jermaine,O'Neal,IND,N,69,2462,1339,153,508,661,167,50,182,203,232,1141,498,447,343,7,0
ONEASH01  ,2006,Shaquille,O'Neal,MIA,N,40,1134,690,97,200,297,79,8,55,95,139,479,283,294,124,0,0
OUTLABO01 ,2006,Charles,Outlaw,ORL,N,41,457,81,47,59,106,16,17,6,21,57,51,34,22,13,0,0
OUTLATR01 ,2006,Travis,Outlaw,POR,N,67,1537,645,65,152,217,52,61,74,66,150,567,246,181,143,37,10
PACHUZA01 ,2006,Zaza,Pachulia,ATL,N,72,2026,875,199,301,500,106,77,36,162,267,614,291,373,293,1,0
PADGESC01 ,2006,Scott,Padgett,MEM,N,7,33,2,5,4,9,0,1,0,1,2,7,1,2,0,4,0
PADGESC01 ,2006,Scott,Padgett,HOU,N,24,199,44,11,34,45,8,4,3,8,33,49,15,11,6,29,8
PADGESC01 ,2006,Scott,Padgett,TOT,N,31,232,46,16,38,54,8,5,3,9,35,56,16,13,6,33,8
PARGOJA01 ,2006,Jannero,Pargo,NOO,N,81,1700,747,20,159,179,201,53,4,121,120,688,282,120,102,208,81
PARKEAN01 ,2006,Anthony,Parker,TOR,N,73,2434,903,60,223,283,153,73,11,71,135,687,328,159,132,261,115
PARKETO01 ,2006,Tony,Parker,SAS,N,77,2503,1429,34,216,250,420,82,6,191,137,1096,570,350,274,38,15
PARKEWI01 ,2006,Smush,Parker,LAL,N,82,2454,907,45,161,206,228,119,10,153,211,785,342,175,113,301,110
PATTERU01 ,2006,Ruben,Patterson,MIL,N,81,2508,1194,190,250,440,232,110,25,199,232,867,475,376,241,19,3
PAULCH01  ,2006,Chris,Paul,NOO,N,65,2357,1104,54,226,280,569,118,3,161,155,871,381,357,292,143,50
PAVLOAL01 ,2006,Sasha,Pavlovic,CLE,N,67,1533,604,23,135,158,105,55,17,102,145,490,222,127,100,148,60
PAYTOGA01 ,2006,Gary,Payton,MIA,N,68,1503,358,18,114,132,201,43,3,66,117,366,144,57,38,123,32
PERKIKE01 ,2006,Kendrick,Perkins,BOS,N,72,1575,324,113,259,372,94,23,96,113,214,269,132,100,60,3,0
PETERMO01 ,2006,Morris,Peterson,TOR,N,71,1520,634,32,205,237,47,45,12,53,126,517,222,123,84,295,106
PETROJO01 ,2006,Johan,Petro,SEA,N,81,1509,502,92,243,335,45,39,47,82,237,438,226,77,50,0,0
PIATKER01 ,2006,Eric,Piatkowski,PHO,N,11,71,27,2,7,9,4,0,1,5,6,25,9,2,2,18,7
PIERCPA01 ,2006,Paul,Pierce,BOS,N,47,1741,1173,39,238,277,194,48,13,152,122,850,373,402,320,275,107
PIETRMI01 ,2006,Mickael,Pietrus,GSW,N,72,1939,801,81,246,327,62,48,55,105,220,586,286,210,136,240,93
PinknKe01 ,2006,Kevinn,Pinkney,BOS,N,6,99,31,7,8,15,5,3,3,4,12,27,12,9,6,2,1
POLLASC01 ,2006,Scot,Pollard,CLE,N,24,108,24,15,16,31,3,4,1,4,27,26,11,4,2,0,0
POSEYJA01 ,2006,James,Posey,MIA,N,71,1918,550,66,291,357,94,71,23,55,193,432,186,98,81,259,97
POTAPVI01 ,2006,Vitaly,Potapenko,SAC,N,3,14,0,0,2,2,0,0,0,2,3,4,0,0,0,0,0
PoweLe01  ,2006,Leon,Powe,BOS,N,62,723,264,97,118,215,10,14,22,47,104,177,79,144,106,2,0
POWELJO01 ,2006,Josh,Powell,GSW,N,30,290,104,17,52,69,18,5,12,24,43,78,41,30,22,0,0
POWELJO01 ,2006,Josh,Powell,IND,N,7,64,12,7,12,19,3,0,0,5,18,15,2,12,8,0,0
POWELJO01 ,2006,Josh,Powell,TOT,N,37,354,116,24,64,88,21,5,12,29,61,93,43,42,30,0,0
PowelRo01 ,2006,Roger,Powell,UTA,N,3,13,2,3,0,3,0,0,0,3,2,3,0,2,2,1,0
PRICERO01 ,2006,Ronnie,Price,SAC,N,58,563,192,15,56,71,48,28,4,33,64,172,67,55,37,65,21
PRINCTA01 ,2006,Tayshaun,Prince,DET,N,82,3004,1171,144,285,429,227,51,55,98,116,997,459,224,172,210,81
PRZYBJO01 ,2006,Joel,Przybilla,POR,N,43,698,84,59,109,168,12,10,67,40,124,78,37,27,10,0,0
QuinnCh01 ,2006,Chris,Quinn,MIA,N,42,410,141,6,24,30,65,15,0,21,32,131,48,37,25,57,20
RADMAVL01 ,2006,Vladimir,Radmanovic,LAL,N,55,987,361,53,127,180,66,25,18,69,125,316,134,73,53,118,40
RANDOSH01 ,2006,Shavlik,Randolph,PHI,N,13,180,58,19,35,54,4,7,10,9,23,48,23,22,12,0,0
RANDOZA01 ,2006,Zach,Randolph,POR,N,68,2426,1608,199,489,688,147,53,15,215,183,1286,600,481,394,48,14
RATLITH01 ,2006,Theo,Ratliff,BOS,N,2,43,5,2,5,7,0,1,3,1,6,3,1,4,3,0,0
RayAl01   ,2006,Allan,Ray,BOS,N,47,710,290,18,51,69,43,20,3,42,85,259,100,55,42,116,48
REDDMI01  ,2006,Michael,Redd,MIL,N,53,2033,1416,42,154,196,124,63,9,122,78,1025,477,416,345,306,117
RedicJJ01 ,2006,J.J.,Redick,ORL,N,42,623,252,10,42,52,36,12,0,21,52,195,80,60,54,98,38
REEDJU01  ,2006,Justin,Reed,MIN,N,41,317,106,15,31,46,17,5,3,22,44,107,40,30,26,0,0
REINEJA01 ,2006,Jared,Reiner,MIL,N,27,253,33,21,50,71,13,5,6,14,45,43,15,10,3,0,0
RICHAJA01 ,2006,Jason,Richardson,GSW,N,51,1677,814,72,187,259,172,54,32,82,129,734,306,140,92,300,110
RichaJe01 ,2006,Jeremy,Richardson,POR,N,1,1,0,0,0,0,0,0,0,0,0,0,0,0,0,0,0
RichaJe01 ,2006,Jeremy,Richardson,ATL,N,5,19,8,1,1,2,0,1,0,1,2,6,3,0,0,3,2
RichaJe01 ,2006,Jeremy,Richardson,TOT,N,6,20,8,1,1,2,0,1,0,1,2,6,3,0,0,3,2
RICHAQU01 ,2006,Quentin,Richardson,NYK,N,49,1622,636,65,287,352,108,36,7,70,133,545,228,120,83,258,97
RIDNOLU01 ,2006,Luke,Ridnour,SEA,N,71,2093,779,28,136,164,368,83,19,156,181,695,301,159,128,139,49
ROBERAN02 ,2006,Anthony,Roberson,GSW,N,20,229,111,2,19,21,10,12,0,13,27,104,44,3,2,55,21
ROBERLA01 ,2006,Lawrence,Roberts,MEM,N,54,974,283,101,160,261,30,36,13,36,133,208,94,131,95,2,0
ROBINBE01 ,2006,Bernard,Robinson Jr.,CHR,N,21,242,51,9,33,42,17,13,1,16,28,54,16,22,19,2,0
ROBINBE01 ,2006,Bernard,Robinson Jr.,NJN,N,10,38,10,1,5,6,2,4,1,0,4,8,3,5,4,0,0
ROBINBE01 ,2006,Bernard,Robinson Jr.,TOT,N,31,280,61,10,38,48,19,17,2,16,32,62,19,27,23,2,0
ROBINCL02 ,2006,Cliff,Robinson,NJN,N,50,951,203,31,91,122,51,12,23,30,98,218,81,36,16,66,25
ROBINNA01 ,2006,Nate,Robinson,NYK,N,64,1358,645,55,97,152,90,50,6,72,160,523,227,139,108,213,83
RodriSe01 ,2006,Sergio,Rodriguez,POR,N,67,859,247,20,71,91,218,35,2,77,72,239,101,26,21,85,24
RondoRa01 ,2006,Rajon,Rondo,BOS,N,78,1829,501,74,218,292,297,128,8,137,182,450,188,184,119,29,6
ROSEJA01  ,2006,Jalen,Rose,PHO,N,29,247,108,3,20,23,16,5,2,9,22,86,38,12,11,47,21
ROSEMA01  ,2006,Malik,Rose,NYK,N,65,807,192,47,128,175,65,26,9,65,120,186,74,52,42,8,2
ROSSQU01  ,2006,Quinton,Ross,LAC,N,81,1704,424,60,130,190,86,70,32,33,179,379,177,87,68,10,2
RoyBr01   ,2006,Brandon,Roy,POR,N,57,2016,955,58,192,250,230,67,10,116,139,765,349,241,202,146,55
RUFFIMI01 ,2006,Michael,Ruffin,WAS,N,30,270,17,35,27,62,6,6,8,12,43,18,5,19,7,0,0
SALMOJO01 ,2006,John,Salmons,SAC,N,79,2139,671,47,217,264,254,73,27,119,177,517,236,204,159,112,40
SAMPSJA01 ,2006,Jamal,Sampson,DEN,N,22,123,24,15,33,48,5,2,7,10,17,14,9,14,6,1,0
SCALABR01 ,2006,Brian,Scalabrine,BOS,N,54,1024,216,24,81,105,59,23,18,44,130,191,77,23,18,110,44
SCHENLU01 ,2006,Luke,Schenscher,POR,N,11,117,19,10,15,25,1,2,4,4,25,23,7,7,5,0,0
SefolTh01 ,2006,Thabo,Sefolosha,CHI,N,71,865,256,35,118,153,60,33,11,60,100,256,109,45,23,42,15
SeneMo01  ,2006,Mouhamed,Sene,SEA,N,28,170,53,16,29,45,0,3,12,11,33,49,18,29,17,0,0
SIMIEWA01 ,2006,Wayne,Simien,MIA,N,8,93,23,5,6,11,4,2,0,3,13,23,9,7,5,0,0
SimmoCe01 ,2006,Cedric,Simmons,NOO,N,42,523,122,43,62,105,12,7,21,20,73,131,54,29,14,0,0
SINGLJA01 ,2006,James,Singleton,LAC,N,52,375,85,36,70,106,17,15,17,17,45,82,30,29,22,14,3
SKINNBR01 ,2006,Brian,Skinner,MIL,N,67,1519,294,106,279,385,58,18,64,75,195,253,124,79,46,0,0
SlokaUr01 ,2006,Uros,Slokar,TOR,N,20,71,38,7,7,14,1,1,2,9,11,26,14,13,9,2,1
SmithCr01 ,2006,Craig,Smith,MIN,N,82,1537,608,149,266,415,49,51,18,74,223,463,246,186,116,6,0
SMITHJO01 ,2006,Joe,Smith,PHI,N,54,1357,497,107,253,360,46,31,20,63,125,429,191,136,115,4,0
SMITHJO01 ,2006,Joe,Smith,DEN,N,11,148,56,13,27,40,3,6,7,13,23,48,23,12,10,1,0
SMITHJO01 ,2006,Joe,Smith,TOT,N,65,1505,553,120,280,400,49,37,27,76,148,477,214,148,125,5,0
SMITHJO03 ,2006,Josh,Smith,ATL,N,72,2651,1178,164,456,620,236,101,207,227,241,993,436,387,268,152,38
SMITHJR01 ,2006,J.R.,Smith,DEN,N,63,1473,819,30,113,143,91,49,9,85,146,644,284,126,102,382,149
SmithSt03 ,2006,Steven,Smith,PHI,N,8,27,5,1,5,6,0,1,0,2,4,8,2,2,1,0,0
SNOWER01  ,2006,Eric,Snow,CLE,N,82,1929,342,35,153,188,330,55,16,111,185,324,135,113,72,4,0
SNYDEKI01 ,2006,Kirk,Snyder,HOU,N,39,559,192,17,66,83,39,11,12,26,51,146,66,75,49,44,11
SONGADA01 ,2006,Darius,Songaila,WAS,N,37,700,282,44,90,134,38,17,10,43,105,225,118,54,46,2,0
SOWPA01   ,2006,Pape,Sow,TOR,N,7,35,10,6,5,11,2,1,1,1,2,9,3,6,4,0,0
SpanoVa01 ,2006,Vassilis,Spanoulis,HOU,N,31,270,85,5,17,22,28,7,1,29,33,72,23,42,34,29,5
STACKJE01 ,2006,Jerry,Stackhouse,DAL,N,67,1617,804,39,106,145,187,51,10,117,77,654,280,215,182,162,62
STEVEDE01 ,2006,DeShawn,Stevenson,WAS,N,82,2418,920,55,161,216,218,65,19,119,155,753,347,216,152,183,74
STOJAPR01 ,2006,Predrag,Stojakovic,NOO,N,13,426,231,11,43,54,11,8,4,19,29,196,83,38,31,84,34
STOUDAM01 ,2006,Amare,Stoudemire,PHO,N,82,2690,1671,222,564,786,84,78,110,232,295,1055,607,585,457,3,0
STOUDDA01 ,2006,Damon,Stoudamire,MEM,N,62,1501,467,31,108,139,299,47,2,101,95,437,171,83,66,175,59
STOUDSA01 ,2006,Salim,Stoudamire,ATL,N,61,1033,471,6,68,74,61,21,2,55,89,425,177,68,61,155,56
SWEETMI01 ,2006,Mike,Sweetney,CHI,N,48,384,153,45,75,120,28,9,11,42,79,134,58,66,37,0,0
SWIFTST01 ,2006,Stromile,Swift,MEM,N,54,1035,419,85,165,250,17,30,62,69,146,346,161,134,97,5,0
SZCZEWA01 ,2006,Wally,Szczerbiak,BOS,N,32,900,479,16,82,98,55,18,3,54,65,388,161,126,113,106,44
TAYLODO01 ,2006,Donell,Taylor,WAS,N,47,371,126,14,39,53,45,17,3,25,34,140,56,21,11,17,3
TAYLOMA01 ,2006,Maurice,Taylor,SAC,N,12,103,24,10,18,28,5,4,1,6,16,28,8,13,8,0,0
TELFASE01 ,2006,Sebastian,Telfair,BOS,N,78,1582,479,17,91,108,218,43,11,98,166,474,176,110,90,128,37
TERRYJA01 ,2006,Jason,Terry,DAL,N,81,2851,1348,40,190,230,422,81,17,152,170,1062,513,199,160,370,162
THOMAET01 ,2006,Etan,Thomas,WAS,N,65,1248,395,136,241,377,29,22,89,71,162,277,159,138,77,0,0
THOMAKE01 ,2006,Kenny,Thomas,SAC,N,62,1412,331,134,243,377,76,43,16,90,141,303,146,76,39,1,0
THOMAKU01 ,2006,Kurt,Thomas,PHO,N,67,1212,308,86,293,379,24,24,29,35,156,259,126,71,56,1,0
THOMATI01 ,2006,Tim,Thomas,LAC,N,76,2054,836,63,315,378,171,55,28,106,228,723,299,144,102,356,136
ThomaTy01 ,2006,Tyrus,Thomas,CHI,N,72,967,374,89,180,269,40,46,76,94,162,282,134,175,106,2,0
THOMPDI01 ,2006,Dijon,Thompson,ATL,N,6,50,17,3,5,8,2,0,0,1,2,15,6,6,5,2,0
TINSLJA01 ,2006,Jamaal,Tinsley,IND,N,72,2242,925,60,180,240,494,117,25,200,190,889,346,239,172,193,61
TSAKAIA01 ,2006,Iakovos,Tsakalidis,HOU,N,13,132,30,18,22,40,3,1,1,3,17,22,9,15,12,0,0
TSAKAIA01 ,2006,Iakovos,Tsakalidis,MEM,N,23,262,54,24,40,64,2,7,11,21,34,50,20,24,14,0,0
TSAKAIA01 ,2006,Iakovos,Tsakalidis,TOT,N,36,394,84,42,62,104,5,8,12,24,51,72,29,39,26,0,0
TuckePJ01 ,2006,P.J.,Tucker,TOR,N,17,85,30,11,12,23,3,2,0,6,12,22,11,14,8,0,0
TURIARO01 ,2006,Ronny,Turiaf,LAL,N,72,1088,383,88,171,259,63,17,78,52,202,268,147,134,89,1,0
TURKOHI01 ,2006,Hidayet,Turkoglu,ORL,N,73,2264,970,57,236,293,233,70,16,143,221,823,345,219,171,281,109
UDOKAIM01 ,2006,Ime,Udoka,POR,N,75,2143,629,95,184,279,112,71,17,73,207,514,237,89,66,219,89
UDRIHBE01 ,2006,Beno,Udrih,SAS,N,73,948,340,11,71,82,122,27,1,56,70,344,127,60,53,115,33
VAREJAN01 ,2006,Anderson,Varejao,CLE,N,81,1931,547,191,354,545,75,76,52,67,269,401,191,268,165,9,0
VAUGHJA01 ,2006,Jacque,Vaughn,SAS,N,64,757,192,8,60,68,131,24,2,40,74,167,71,65,49,2,1
VILLACH01 ,2006,Charlie,Villanueva,MIL,N,39,984,462,62,166,228,36,24,12,54,108,383,180,89,73,86,29
VinicMa01 ,2006,Marcus,Vinicius,NOO,N,13,102,22,2,9,11,5,2,1,6,10,15,7,7,5,7,3
VOSKUJA01 ,2006,Jake,Voskuhl,CHR,N,73,1038,319,84,172,256,44,30,24,56,199,255,121,113,77,0,0
VUJACSA01 ,2006,Sasha,Vujacic,LAL,N,73,937,313,28,79,107,64,41,1,30,103,268,105,49,43,161,60
WADEDW01  ,2006,Dwyane,Wade,MIA,N,51,1929,1397,51,188,239,384,107,62,216,117,962,472,535,432,79,21
WAFERVO01 ,2006,Von,Wafer,LAC,N,1,1,0,0,0,0,0,0,0,0,0,1,0,0,0,1,0
WAGNEDA02 ,2006,Dajuan,Wagner,GSW,N,1,7,4,0,0,0,1,0,0,1,1,1,1,2,1,1,1
WALKEAN01 ,2006,Antoine,Walker,MIA,N,78,1814,660,92,247,339,130,48,17,141,173,668,265,105,46,305,84
WALLABE01 ,2006,Ben,Wallace,CHI,N,77,2699,494,303,518,821,186,111,156,101,153,424,192,266,109,5,1
WALLAGE01 ,2006,Gerald,Wallace,CHR,N,72,2643,1304,142,376,518,185,144,69,160,209,952,478,447,309,120,39
WALLARA01 ,2006,Rasheed,Wallace,DET,N,75,2418,926,90,453,543,127,75,118,94,225,843,357,137,108,296,104
WALTOLU01 ,2006,Luke,Walton,LAL,N,60,1980,684,87,215,302,257,60,21,118,117,557,264,145,108,124,48
WARRIHA01 ,2006,Hakim,Warrick,MEM,N,82,2151,1045,130,290,420,75,43,30,161,232,712,373,388,299,8,0
WATSOEA01 ,2006,Earl,Watson,SEA,N,77,2150,726,34,151,185,437,99,23,167,151,687,263,147,108,280,92
WEBBECH01 ,2006,Chris,Webber,DET,N,43,1279,486,87,201,288,127,42,26,74,107,409,200,132,84,6,2
WEBBECH01 ,2006,Chris,Webber,PHI,N,18,544,198,37,112,149,61,18,15,33,36,230,89,28,18,5,2
WEBBECH01 ,2006,Chris,Webber,TOT,N,61,1823,684,124,313,437,188,60,41,107,143,639,289,160,102,11,4
WEBSTMA02 ,2006,Martell,Webster,POR,N,82,1762,574,43,197,240,52,35,19,76,126,492,195,132,93,250,91
WELLSBO01 ,2006,Bonzi,Wells,HOU,N,28,593,217,26,94,120,31,24,13,57,62,207,85,82,46,7,1
WESLEDA01 ,2006,David,Wesley,CLE,N,35,353,73,3,32,35,37,12,4,17,32,75,22,28,20,38,9
WESTDA01  ,2006,David,West,NOO,N,52,1901,949,125,298,423,114,42,38,98,142,791,377,227,187,25,8
WESTDE01  ,2006,Delonte,West,BOS,N,69,2215,845,32,176,208,304,74,34,140,152,717,306,197,168,178,65
WhiteJa02 ,2006,James,White,SAS,N,6,138,50,3,17,20,5,3,1,5,7,41,18,15,12,7,2
WILCOCH01 ,2006,Chris,Wilcox,SEA,N,82,2586,1106,178,451,629,82,70,38,127,248,819,433,351,240,6,0
WILKIDA02 ,2006,Damien,Wilkins,SEA,N,82,2038,724,87,142,229,156,92,16,116,157,602,262,170,150,122,50
WILKSMI01 ,2006,Mike,Wilks,SEA,N,47,538,170,15,39,54,79,15,4,31,53,141,66,42,33,15,5
WILLIAA01 ,2006,Aaron,Williams,LAC,N,38,377,76,27,58,85,7,7,14,18,56,53,29,22,18,1,0
WILLIAL01 ,2006,Alvin,Williams,LAC,N,2,10,2,1,0,1,3,2,0,3,0,2,0,4,2,1,0
WILLICO02 ,2006,Corliss,Williamson,SAC,N,68,1336,620,63,158,221,39,29,15,97,183,463,236,207,148,2,0
WILLIDE01 ,2006,Deron,Williams,UTA,N,80,2952,1297,42,226,268,745,78,13,246,254,1083,494,296,227,255,82
WILLIER01 ,2006,Eric,Williams,CHR,N,5,33,12,2,1,3,1,1,0,2,6,13,4,7,4,2,0
WILLIER01 ,2006,Eric,Williams,SAS,N,16,88,42,1,13,14,6,2,0,5,6,34,15,7,4,17,8
WILLIER01 ,2006,Eric,Williams,TOT,N,21,121,54,3,14,17,7,3,0,7,12,47,19,14,8,19,8
WILLIJA02 ,2006,Jason,Williams,MIA,N,61,1864,664,18,123,141,322,58,1,100,68,569,235,103,94,295,100
WilliJu01 ,2006,Justin,Williams,SAC,N,26,334,131,51,64,115,2,5,16,15,51,88,54,63,23,1,0
WILLIKE01 ,2006,Kevin,Willis,DAL,N,5,42,12,2,6,8,1,2,1,2,11,13,5,2,2,0,0
WILLILO02 ,2006,Louis,Williams,PHI,N,61,686,262,17,53,70,110,22,1,46,42,211,93,92,64,37,12
WILLIMA01 ,2006,Maurice,Williams,MIL,N,68,2474,1174,54,275,329,416,85,6,202,201,1049,468,186,159,228,79
WILLIMA02 ,2006,Marvin,Williams,ATL,N,64,2181,839,84,253,337,121,52,30,127,191,706,306,265,216,46,11
WilliMa03 ,2006,Marcus,Williams,NJN,N,79,1312,534,29,134,163,260,29,2,142,96,526,208,85,72,163,46
WILLISH01 ,2006,Shammond,Williams,LAL,N,30,342,94,11,29,40,31,12,0,13,20,86,35,6,4,50,20
WilliSh02 ,2006,Shawne,Williams,IND,N,45,555,180,33,50,83,22,6,8,24,68,160,75,20,11,52,19
WilliSh03 ,2006,Shelden,Williams,ATL,N,81,1512,444,131,304,435,44,52,39,96,199,365,166,144,110,4,2
WRIGHAN01 ,2006,Antoine,Wright,NJN,N,63,1135,283,38,137,175,55,30,10,43,120,251,110,73,44,59,19
WRIGHBR02 ,2006,Bracey,Wright,MIN,N,19,191,67,7,14,21,15,9,1,6,6,60,24,18,13,20,6
WRIGHDO01 ,2006,Dorell,Wright,MIA,N,66,1292,393,40,232,272,95,41,46,65,112,364,162,86,64,34,5
WRIGHLO02 ,2006,Lorenzen,Wright,ATL,N,67,1037,173,85,131,216,40,28,28,39,203,183,82,32,9,0,0
