team,year,leag,o_fgm,o_fga,o_ftm,o_fta,o_oreb,o_dreb,o_reb,o_asts,o_pf,o_stl,o_to,o_blk,o_3pm,o_3pa,o_pts,d_fgm,d_fga,d_ftm,d_fta,d_oreb,d_dreb,d_reb,d_asts,d_pf,d_stl,d_to,d_blk,d_3pm,d_3pa,d_pts,pace,won,lost
ATL,1999,N,3000,6807,1477,1987,1146,2570,3716,1548,1718,500,1266,466,258,814,7735,3211,7060,1381,1796,1052,2474,3526,1886,1830,655,1001,400,373,1015,8176,94.28637,28,54
BOS,1999,N,3054,6879,1621,2175,1108,2420,3528,1741,2223,794,1259,287,417,1259,8146,2960,6304,1929,2563,857,2534,3391,1798,1928,638,1394,478,359,995,8208,96.43312,35,47
CHA,1999,N,2935,6533,1863,2458,884,2635,3519,2023,1670,732,1206,480,339,1001,8072,3048,6811,1347,1807,966,2550,3516,1903,2076,604,1297,421,410,1086,7853,95.93681,49,33
CHI,1999,N,2565,6180,1482,2089,1032,2323,3356,1636,1908,646,1557,383,340,1031,6952,2916,6396,1533,2070,1000,2416,3416,1902,1966,853,1244,461,358,1049,7723,91.71437,17,65
CLE,1999,N,2977,6734,1653,2205,1010,2499,3510,1940,2219,713,1427,363,343,920,7950,2983,6733,1851,2385,1013,2586,3598,1942,2058,659,1387,501,420,1227,8237,98.3785,32,50
DAL,1999,N,3195,7047,1407,1751,931,2444,3375,1810,1770,592,1124,416,519,1326,8316,3225,7053,1484,2005,1251,2719,3970,1901,1814,604,1318,421,429,1243,8363,96.77714,40,42
DEN,1999,N,3057,6911,1531,2116,1073,2590,3663,1911,1962,554,1280,618,470,1397,8115,3129,6953,1632,2174,1027,2606,3633,2003,1937,616,1178,462,399,1126,8287,97.36314,35,47
DET,1999,N,3044,6636,1956,2506,917,2458,3375,1707,2011,665,1289,292,439,1223,8483,3119,6706,1669,2237,973,2504,3479,1893,2219,652,1400,396,458,1235,8365,98.07825,42,40
GSW,1999,N,2996,7141,1497,2147,1300,2438,3736,1851,2043,730,1301,363,345,1067,7834,3165,6775,1755,2328,1091,2691,3782,2036,1887,689,1337,493,427,1162,8512,97.49852,19,63
HOU,1999,N,3001,6663,1573,2145,1008,2586,3594,1774,1663,613,1425,438,581,1624,8156,3226,7074,1425,1829,1027,2451,3478,1863,1833,735,1126,433,350,990,8227,96.71017,34,48
IND,1999,N,3047,6640,1629,2008,842,2612,3454,1857,1786,559,1159,422,583,1487,8306,3113,6982,1374,1821,1040,2545,3585,1735,1910,610,1126,325,329,1006,7929,94.94659,56,26
LAC,1999,N,2877,6757,1363,1826,955,2377,3332,1479,1821,578,1326,494,429,1267,7546,3281,6879,1512,2041,1038,2699,3737,1975,1731,622,1172,382,417,1077,8491,95.74873,15,67
LAL,1999,N,3137,6836,1649,2368,1117,2738,3855,1921,1841,613,1143,532,344,1047,8267,2838,6824,1518,2045,1007,2531,3538,1597,2099,627,1196,359,372,1142,7566,95.59303,67,15
MIA,1999,N,2974,6462,1345,1827,921,2619,3540,1931,1947,582,1231,524,446,1202,7739,2782,6596,1512,2022,974,2341,3315,1582,1795,621,1150,372,408,1130,7484,92.09271,52,30
MIL,1999,N,3174,6827,1558,1982,1016,2373,3390,1852,2020,671,1230,383,394,1069,8298,3033,6644,1685,2241,1037,2368,3404,1987,1870,637,1303,344,531,1357,8282,95.5471,42,40
MIN,1999,N,3226,6910,1379,1769,1016,2471,3487,2205,1913,622,1139,444,248,716,8079,2924,6577,1644,2185,916,2440,3357,1737,1685,591,1232,344,380,1067,7872,94.68066,50,32
NJN,1999,N,2979,6882,1601,2041,1040,2315,3355,1688,1913,720,1119,393,477,1374,8036,3125,6741,1503,2012,1129,2657,3786,1857,1869,568,1366,469,368,1013,8121,95.0225,31,51
NYK,1999,N,2897,6372,1410,1805,802,2521,3323,1588,1983,514,1200,360,351,936,7555,2711,6399,1609,2153,927,2441,3366,1609,1799,602,1160,353,404,1195,7435,91.52435,50,32
ORL,1999,N,3169,7014,1574,2142,1145,2540,3685,1709,1967,743,1443,467,294,870,8206,3076,6919,1567,2104,1094,2473,3567,1991,2008,724,1488,475,431,1277,8150,99.68179,41,41
PHI,1999,N,2993,6776,1577,2226,1147,2468,3615,1817,1939,791,1284,386,208,643,7771,2867,6595,1510,2001,1065,2501,3566,1828,1977,631,1445,529,417,1172,7661,95.17698,49,33
PHO,1999,N,3093,6771,1467,1934,1022,2558,3580,2098,1973,744,1367,433,458,1245,8111,2825,6665,1630,2205,1071,2465,3536,1700,1794,733,1421,425,403,1146,7683,96.41161,53,29
POR,1999,N,3021,6430,1542,2029,966,2560,3526,1925,1865,633,1243,402,407,1128,7991,2825,6557,1422,1985,978,2220,3198,1705,1872,652,1186,350,394,1195,7466,92.09634,59,23
SAC,1999,N,3276,7288,1521,2017,1056,2635,3692,1953,1729,787,1324,381,534,1656,8607,3269,7240,1434,1910,1143,2761,3904,1950,1943,753,1438,403,396,1123,8368,101.6499,44,38
SAS,1999,N,2952,6394,1652,2214,927,2666,3593,1819,1716,614,1234,549,330,883,7886,2884,6781,1276,1726,986,2410,3397,1667,1893,645,1180,429,355,1036,7399,93.13248,53,29
SEA,1999,N,3108,6946,1363,1960,1042,2483,3525,1878,1776,657,1153,345,546,1611,8125,3132,6941,1343,1795,1084,2611,3695,1939,1839,590,1258,433,440,1292,8047,95.63824,45,37
TOR,1999,N,2980,6882,1583,2068,1098,2449,3547,1947,1989,666,1137,544,425,1171,7968,3002,6615,1631,2136,961,2552,3513,1790,1874,557,1250,442,346,1021,7981,94.73505,45,37
UTA,1999,N,2962,6380,1661,2150,936,2426,3363,2041,2013,629,1220,445,329,854,7914,2781,6240,1598,2141,887,2236,3123,1620,2023,588,1270,416,388,1097,7548,91.71485,55,27
VAN,1999,N,2892,6440,1594,2060,1005,2324,3328,1700,1881,609,1379,345,324,898,7702,3136,6612,1530,1990,970,2336,3307,1931,1912,723,1235,516,361,1083,8163,93.51566,22,60
WAS,1999,N,3010,6681,1566,2107,1064,2438,3502,1771,2149,594,1320,380,335,890,7921,3005,6547,1790,2405,962,2418,3381,1793,1967,686,1227,503,390,1052,8190,95.09479,29,53
ATL,2000,N,2876,6668,1374,1811,1028,2490,3518,1559,1863,634,1292,387,333,933,7459,2922,6609,1646,2153,1029,2534,3563,1737,1695,698,1158,513,396,1080,7886,93.16004,25,57
BOS,2000,N,2773,6485,1621,2190,897,2367,3264,1708,1952,769,1238,336,592,1633,7759,2935,6392,1634,2178,888,2650,3538,1885,1903,650,1325,440,430,1170,7934,94.14373,36,46
CHA,2000,N,2800,6501,1599,2146,1033,2608,3641,1900,1753,665,1124,455,340,984,7539,2767,6501,1444,1910,892,2436,3328,1748,1765,616,1145,375,389,1081,7367,91.44651,46,36
CHI,2000,N,2721,6411,1410,1909,926,2260,3186,1810,1902,675,1197,379,329,950,7181,2987,6330,1607,2202,957,2551,3508,1932,1752,635,1176,426,346,973,7927,90.89773,15,67
CLE,2000,N,2890,6532,1561,2040,1015,2440,3455,1708,1902,642,1297,436,220,659,7561,2927,6582,1633,2125,990,2400,3390,1880,1810,694,1174,542,422,1155,7909,93.15062,30,52
DAL,2000,N,3085,6716,1552,1954,831,2571,3402,1740,1907,618,1094,492,517,1357,8239,2938,6693,1631,2231,1068,2623,3691,1778,1846,622,1211,379,381,1140,7888,94.62409,53,29
DEN,2000,N,2979,6877,1448,1964,1044,2583,3627,1970,1820,552,1092,538,512,1444,7918,3081,6914,1542,2049,1012,2642,3654,2042,1760,588,1041,497,416,1168,8120,94.48702,40,42
DET,2000,N,2919,6880,1610,2233,1108,2626,3734,1629,1955,613,1265,447,389,1112,7837,2976,6850,1596,2169,1012,2671,3683,1860,2062,669,1219,397,428,1229,7976,96.88737,32,50
GSW,2000,N,2937,7175,1428,2024,1345,2385,3730,1788,1727,742,1253,410,282,964,7584,3179,6740,1529,2011,1039,2693,3732,2045,1764,722,1302,493,439,1159,8326,95.86308,17,65
HOU,2000,N,2943,6494,1582,2086,919,2524,3443,1613,1657,587,1136,358,504,1412,7972,3020,6733,1385,1862,988,2420,3408,1735,1770,605,1055,400,359,1015,7784,92.15653,45,37
IND,2000,N,2828,6431,1539,2009,921,2595,3516,1763,1925,563,1173,487,396,1159,7591,2829,6683,1572,2074,1042,2495,3537,1695,1882,589,1072,387,377,1121,7607,91.8205,41,41
LAC,2000,N,2896,6467,1429,2061,962,2559,3521,1585,1775,490,1212,513,360,1063,7581,2995,6799,1474,1983,1042,2439,3480,1791,1795,638,996,412,354,1075,7818,92.16402,31,51
LAL,2000,N,3109,6685,1594,2333,1085,2583,3668,1888,1872,564,1137,490,439,1275,8251,2983,6815,1595,2114,981,2407,3388,1659,2002,619,1021,324,413,1168,7974,93.97305,56,26
MIA,2000,N,2694,6258,1423,1874,813,2435,3248,1630,1725,633,1076,304,478,1384,7289,2701,6261,1339,1818,914,2528,3442,1421,1824,598,1208,424,360,1087,7101,88.84671,50,32
MIL,2000,N,3112,6798,1474,1874,975,2500,3475,1844,1928,672,1082,386,562,1481,8260,2912,6626,1679,2186,1014,2490,3504,1883,1778,592,1216,350,439,1246,7942,93.7961,52,30
MIN,2000,N,3148,6871,1364,1737,1002,2470,3472,2083,1899,682,1105,456,322,901,7982,2977,6588,1567,2164,967,2505,3472,1834,1656,583,1181,357,350,996,7871,93.63316,47,35
NJN,2000,N,2781,6550,1629,2146,909,2337,3246,1603,1982,649,1139,407,361,1084,7552,2937,6452,1664,2231,1001,2622,3623,1840,1808,619,1258,522,428,1189,7966,93.1644,26,56
NYK,2000,N,2755,6198,1374,1727,773,2524,3297,1520,1863,545,1132,346,391,1115,7275,2568,6159,1478,2015,872,2418,3290,1573,1754,596,1147,338,445,1266,7059,88.46595,48,34
ORL,2000,N,3013,6873,1476,2068,1069,2450,3519,1803,2071,674,1216,481,490,1346,7992,2830,6499,1885,2566,1061,2609,3670,1793,1946,695,1325,440,366,1059,7911,95.6247,43,39
PHI,2000,N,2902,6487,1697,2277,1075,2600,3675,1692,1673,690,1231,408,262,803,7763,2871,6699,1243,1660,985,2366,3351,1771,1936,672,1215,458,427,1248,7412,92.49595,56,26
PHO,2000,N,2944,6757,1490,1973,970,2529,3499,1905,1864,775,1208,429,332,1054,7710,2792,6422,1618,2127,902,2588,3490,1653,1818,682,1382,416,327,937,7529,94.89365,51,31
POR,2000,N,3004,6416,1447,1899,960,2481,3440,1963,1745,672,1211,419,369,1057,7824,2819,6436,1436,1930,946,2238,3184,1745,1737,646,1169,324,406,1103,7480,90.72198,50,32
SAC,2000,N,3132,6969,1600,2075,987,1718,3692,1852,1596,793,1178,432,479,1353,8343,3087,7139,1291,1724,1121,2643,3764,1816,1766,666,1277,476,401,1131,7866,97.46564,55,27
SAS,2000,N,2884,6262,1673,2340,902,2712,3614,1778,1551,568,1099,576,445,1094,7886,2837,6770,1233,1664,967,2432,3399,1617,1946,600,1060,426,343,1043,7250,91.16318,58,24
SEA,2000,N,3029,6649,1454,1986,999,2422,3421,1792,1733,657,1201,409,466,1169,7978,3076,6783,1353,1824,1046,2431,3477,1957,1817,648,1171,510,471,1351,7976,93.28841,44,38
TOR,2000,N,3048,6972,1482,1984,1118,2529,3647,2004,1745,599,1043,519,429,1164,8007,3009,6725,1425,1890,926,2511,3437,1696,1792,561,1095,439,379,1045,7822,93.65201,47,35
UTA,2000,N,2960,6289,1714,2280,943,2383,3326,2111,2108,661,1250,463,325,852,7959,2667,6076,1830,2391,874,2183,3057,1564,2008,699,1269,453,410,1194,7574,91.39574,53,29
VAN,2000,N,2870,6539,1457,1892,894,2431,3325,1899,1733,586,1237,359,325,947,7522,3143,6791,1317,1798,1052,2534,3586,1935,1768,710,1190,476,389,1075,7992,93.28358,23,59
WAS,2000,N,2833,6453,1704,2245,1016,2370,3386,1647,1913,630,1321,383,275,848,7645,3100,6596,1559,2088,931,2410,3341,1902,1972,688,1181,511,433,1093,8192,93.74242,19,63
ATL,2001,N,2901,6610,1486,1942,955,2445,3400,1656,1702,667,1203,350,423,1194,7711,3065,6674,1456,1956,1004,2523,3525,1856,1647,703,1177,508,472,1329,8058,93.19607,33,49
BOS,2001,N,2852,6731,1498,1960,891,2570,3461,1722,1775,793,1082,293,699,1946,7901,2797,6578,1612,2091,954,2807,3760,1802,1733,623,1284,474,514,1511,7720,94.35841,49,33
CHA,2001,N,2893,6580,1568,2105,1059,2505,3564,1759,1747,653,1108,456,346,994,7700,2850,6594,1488,1938,963,2399,3362,1639,1702,625,1074,426,433,1156,7621,91.33941,44,38
CHI,2001,N,2811,6491,1413,1958,924,2359,3283,1817,1834,633,1169,361,300,868,7335,3027,6514,1560,2090,944,2553,3497,2066,1716,681,1122,399,421,1176,8035,91.92082,21,61
CLE,2001,N,2948,6582,1529,1980,968,2483,3451,1891,1752,572,1129,470,387,1026,7812,3053,6678,1506,2014,928,2382,3310,1989,1638,602,1018,459,473,1200,8085,92.27886,29,53
DAL,2001,N,3200,6930,1608,1994,918,2568,3486,1811,1841,581,958,386,621,1645,8629,3094,6851,1640,2184,1065,2600,3665,1865,1784,589,1121,377,452,1293,8280,94.98019,57,25
DEN,2001,N,2915,6870,1306,1756,1117,2310,3427,1817,1871,613,1130,462,423,1285,7559,3005,6540,1602,2144,995,2529,3524,1968,1645,671,1122,561,424,1173,8036,92.2646,27,55
DET,2001,N,2846,6301,1478,1954,810,2366,3176,1765,1695,648,1135,565,568,1510,7738,2926,6544,1349,1787,991,2511,3502,1637,1872,651,1207,334,359,993,7560,90.85059,50,32
GSW,2001,N,2998,6989,1693,2344,1334,2493,3827,1706,1884,650,1325,523,320,994,8009,3213,6993,1622,2125,1100,2450,3551,2002,1946,706,1132,516,404,1162,8452,96.52765,21,61
HOU,2001,N,2837,6629,1402,1893,1025,2411,3436,1482,1476,537,1074,445,496,1480,7572,3191,6875,1221,1623,1045,2507,3552,1838,1647,576,949,414,370,1028,7973,90.68137,28,54
IND,2001,N,2935,6580,1663,2155,930,2568,3498,1884,1876,658,1191,436,405,1195,7938,2977,6800,1544,2062,1048,2514,3562,1771,1855,618,1120,465,418,1200,7916,94.09272,42,40
LAC,2001,N,2970,6668,1498,2026,1083,2474,3557,1714,1625,510,1150,540,408,1147,7846,3074,6866,1329,1783,1064,2379,3443,1859,1775,612,1009,439,407,1145,7884,91.99843,39,43
LAL,2001,N,3150,6839,1494,2138,1022,2607,3629,1882,1823,625,995,478,510,1439,8304,2872,6777,1577,2072,1016,2526,3542,1643,1888,586,1100,352,399,1259,7720,93.83236,58,24
MEM,2001,N,2851,6535,1334,1883,984,2413,3397,1785,1571,646,1290,488,336,1096,7372,3119,6830,1346,1788,1135,2560,3693,1960,1783,781,1164,455,398,1112,7982,92.56219,23,59
MIA,2001,N,2801,6382,1236,1708,902,2544,3446,1664,1846,547,1153,448,312,899,7150,2666,6279,1565,2127,894,2484,3378,1461,1707,620,1073,353,379,1109,7276,89.31764,36,46
MIL,2001,N,3041,6577,1321,1767,841,2557,3398,1847,1788,596,1112,388,593,1583,7996,3016,6846,1489,1967,1050,2438,3489,1884,1641,599,993,361,493,1377,8014,92.34897,41,41
MIN,2001,N,3175,6887,1399,1754,1059,2562,3621,1993,1739,524,1069,427,396,1047,8145,2962,6654,1452,1958,912,2326,3238,1855,1674,542,1036,407,492,1321,7868,92.52013,50,32
NJN,2001,N,3042,6816,1402,1907,1039,2515,3554,1990,1734,716,1169,490,403,1194,7889,2858,6668,1423,1890,999,2517,3516,1563,1668,669,1243,440,409,1175,7548,93.85218,52,30
NYK,2001,N,2817,6520,1406,1786,876,2458,3334,1720,1800,558,1155,288,474,1344,7514,2924,6570,1550,2047,959,2540,3499,1762,1668,686,1059,385,443,1256,7841,91.59688,30,52
ORL,2001,N,3087,6893,1446,1917,942,2440,3382,1804,1700,665,1085,384,620,1660,8240,3116,6830,1470,1994,1086,2633,3720,1929,1737,658,1241,383,409,1161,8111,95.14047,44,38
PHI,2001,N,2804,6436,1639,2104,1092,2534,3626,1638,1646,705,1176,363,214,715,7461,2771,6500,1350,1798,981,2348,3329,1767,1826,654,1146,458,438,1322,7330,90.06393,43,39
PHO,2001,N,3097,6934,1250,1630,1072,2430,3501,1837,1784,668,1167,400,358,1096,7802,2957,6663,1511,2013,1030,2493,3521,1821,1520,685,1200,474,433,1208,7858,93.46683,36,46
POR,2001,N,3004,6671,1451,1901,1085,2444,3529,1926,1613,702,1117,368,466,1318,7925,2951,6508,1312,1771,890,2328,3218,1945,1650,613,1147,409,466,1285,7680,91.16269,49,33
SAC,2001,N,3267,7003,1618,2154,1013,2702,3715,1958,1560,741,1095,375,426,1160,8578,3128,7108,1312,1764,1065,2617,3682,1839,1826,633,1197,387,386,1145,7954,96.99641,61,21
SAS,2001,N,2913,6363,1668,2249,907,2566,3473,1643,1575,625,1133,537,438,1211,7932,2883,6775,1283,1651,1003,2429,3432,1543,1893,635,1128,427,374,1108,7423,91.89593,58,24
SEA,2001,N,3131,6681,1263,1672,968,2333,3301,1926,1732,698,1085,364,489,1292,8014,2966,6605,1362,1844,1091,2326,3417,1832,1627,568,1205,400,472,1374,7766,91.04399,45,37
TOR,2001,N,2919,6727,1269,1717,1114,2336,3450,1779,1771,688,1109,454,387,1109,7494,2820,6390,1513,2011,995,2436,3432,1629,1613,628,1191,383,377,1089,7530,90.3446,42,40
UTA,2001,N,2869,6374,1853,2430,1109,2349,3458,1999,1971,749,1290,523,280,842,7871,2777,6216,1779,2308,927,2204,3133,1585,2070,747,1328,543,465,1215,7798,92.20851,44,38
WAS,2001,N,2938,6664,1428,1866,1055,2393,3448,1715,1763,570,999,354,305,786,7609,2953,6534,1396,1849,960,2376,3336,1818,1711,574,1062,414,422,1191,7724,89.92323,37,45
ATL,2002,N,2859,6434,1594,2011,937,2558,3495,1679,1783,611,1304,474,402,1141,7714,3015,6907,1530,2013,1072,2420,3492,1771,1668,738,1020,399,446,1243,8006,93.23531,35,47
BOS,2002,N,2700,6509,1480,1994,849,2471,3320,1575,1758,720,1105,303,719,2155,7599,2804,6450,1560,2084,937,2750,3687,1824,1798,617,1256,368,463,1400,7631,92.64157,44,38
CHI,2002,N,2991,6714,1455,2014,985,2541,3526,1782,2028,605,1330,461,349,997,7786,2991,6817,1794,2394,1117,2572,3689,1949,1795,769,1163,413,431,1333,8207,95.86414,30,52
CLE,2002,N,2850,6746,1502,2012,1118,2542,3660,1712,1864,636,1430,521,293,896,7495,3072,6786,1712,2219,932,2491,3423,1972,1709,802,1112,486,428,1197,8284,96.00991,17,65
DAL,2002,N,3161,6982,1486,1793,912,2544,3456,1837,1730,665,906,449,636,1668,8444,2926,6687,1477,2032,1045,2681,3726,1781,1744,546,1259,318,477,1401,7806,94.0418,60,22
DEN,2002,N,2689,6544,1294,1850,1112,2363,3475,1737,2056,712,1425,422,229,824,6901,2696,6087,1768,2337,861,2443,3304,1764,1788,742,1339,532,420,1134,7580,92.25452,17,65
DET,2002,N,2700,6277,1559,2021,883,2445,3328,1620,1748,556,1043,468,533,1488,7492,2744,6269,1413,1895,859,2528,3387,1500,1903,568,1098,344,289,839,7190,88.65096,50,32
GSW,2002,N,3061,6941,1853,2382,1284,2546,3830,1712,1786,594,1246,506,425,1235,8400,3240,7175,1575,2084,1204,2388,3592,1934,1937,710,1083,490,438,1177,8493,96.2299,38,44
HOU,2002,N,2840,6461,1567,2042,1024,2564,3588,1506,1602,594,1198,493,439,1267,7686,2891,6681,1399,1805,979,2353,3332,1683,1794,663,1041,378,386,1113,7567,91.08444,43,39
IND,2002,N,2911,6608,1739,2271,1004,2622,3626,1910,1811,696,1150,443,379,1119,7940,2860,6690,1527,1992,1006,2458,3464,1696,1922,621,1208,506,407,1197,7654,93.81045,48,34
LAC,2002,N,2835,6490,1633,2177,1008,2462,3470,1606,1784,574,1246,461,390,1177,7693,3035,6787,1507,1946,1046,2460,3506,1840,1843,652,1099,418,454,1244,8031,92.96673,27,55
LAL,2002,N,3091,6856,1562,2129,1078,2554,3632,1909,1874,639,1152,470,486,1367,8230,2976,6725,1622,2133,958,2494,3452,1753,1915,644,1134,308,465,1223,8039,94.9259,50,32
MEM,2002,N,3049,6743,1430,1936,943,2466,3409,1892,1678,651,1214,500,467,1279,7995,3224,7008,1381,1819,1126,2555,3681,1991,1781,714,1172,424,431,1188,8260,95.01003,28,54
MIA,2002,N,2688,6517,1292,1689,948,2464,3412,1501,1856,592,1097,324,348,1100,7016,2713,6208,1598,2129,872,2587,3459,1482,1671,626,1117,437,406,1149,7430,89.44197,25,57
MIL,2002,N,3045,6670,1483,1911,876,2367,3243,1823,1819,622,996,344,585,1526,8158,3043,6642,1574,2114,1022,2540,3562,1892,1685,543,1118,322,479,1278,8139,92.46436,42,40
MIN,2002,N,3172,6809,1406,1826,959,2614,3573,2070,1704,553,1091,433,296,804,8046,3005,6873,1394,1853,974,2444,3418,1871,1686,571,1064,398,469,1346,7873,93.81673,51,31
NJN,2002,N,2906,6585,1662,2195,991,2528,3519,1887,1772,717,1184,374,346,1041,7820,2757,6461,1453,1941,932,2461,3393,1607,1877,693,1298,421,425,1185,7392,93.22492,49,33
NOH,2002,N,2914,6695,1467,1910,1097,2475,3572,1807,1767,656,1151,394,404,1075,7699,2857,6518,1474,1925,909,2368,3277,1630,1754,647,1159,427,338,1001,7526,91.89262,47,35
NYK,2002,N,2967,6725,1320,1620,842,2376,3218,1800,1888,579,1114,255,606,1582,7860,2961,6478,1691,2193,935,2613,3548,1732,1630,627,1133,297,358,1053,7971,92.77695,37,45
ORL,2002,N,2947,6763,1616,2079,958,2392,3350,1676,1888,696,1138,300,568,1590,8078,3007,6602,1648,2150,970,2596,3566,1837,1824,643,1285,407,405,1212,8067,95.0134,42,40
PHI,2002,N,2975,6640,1748,2255,1042,2415,3457,1771,1804,844,1157,284,245,787,7943,2876,6363,1547,2035,908,2400,3308,1809,1884,639,1355,506,453,1278,7752,93.3927,48,34
PHO,2002,N,3005,6776,1430,1928,1049,2440,3489,1719,1801,665,1165,404,394,1149,7834,2913,6658,1479,1933,1031,2486,3517,1824,1763,639,1240,446,436,1361,7741,93.42437,44,38
POR,2002,N,2987,6491,1450,1947,992,2378,3370,1860,1634,725,1185,316,379,1150,7803,2942,6540,1267,1659,913,2291,3204,1863,1670,681,1201,394,437,1285,7588,91.25343,50,32
SAC,2002,N,3242,6990,1367,1832,900,2751,3651,2034,1666,735,1171,457,491,1288,8342,2991,7125,1454,1962,1145,2614,3759,1758,1635,684,1195,351,373,1166,7809,97.33786,59,23
SAS,2002,N,2908,6297,1591,2194,939,2556,3495,1636,1672,629,1260,529,449,1270,7856,2862,6703,1334,1737,1029,2322,3351,1559,1914,665,1177,422,354,1043,7412,91.85781,60,22
SEA,2002,N,2887,6599,1325,1780,963,2385,3348,1775,1713,679,1026,295,456,1291,7555,2871,6424,1351,1821,938,2462,3400,1703,1671,500,1158,410,472,1371,7565,89.9951,40,42
TOR,2002,N,2847,6664,1350,1879,1023,2355,3378,1583,1761,609,1106,392,409,1193,7453,3037,6592,1490,1964,976,2601,3577,1729,1701,604,1079,403,370,986,7934,91.46061,24,58
UTA,2002,N,2894,6189,1750,2349,1021,2381,3402,2103,1837,708,1304,467,224,641,7762,2751,6346,1627,2143,1011,2120,3131,1601,1950,723,1253,429,437,1251,7566,90.87775,47,35
WAS,2002,N,2816,6394,1617,2077,917,2395,3312,1612,1644,621,1035,390,253,811,7502,2877,6507,1382,1792,949,2447,3396,1776,1804,612,1112,346,449,1242,7585,89.95836,37,45
ATL,2003,N,2829,6529,1534,1976,997,2506,3503,1648,1826,627,1278,408,419,1248,7611,2968,6740,1574,2072,1048,2485,3533,1803,1699,731,1086,409,482,1345,7992,92.8,28,54
BOS,2003,N,2843,6415,1572,2095,851,2440,3291,1683,1837,770,1289,331,553,1599,7811,2894,6627,1587,2157,1070,2524,3594,1882,1819,719,1334,407,555,1534,7930,94.3,36,46
CHI,2003,N,2798,6753,1330,1834,1048,2519,3567,1793,1911,659,1249,394,429,1256,7355,2882,6611,1673,2238,1011,2682,3693,1890,1684,694,1190,442,439,1236,7876,93.8,23,59
CLE,2003,N,2922,6753,1528,2030,1118,2619,3737,1808,1742,585,1166,537,247,786,7619,2956,6759,1491,1990,970,2474,3444,1783,1655,635,1018,434,431,1162,7834,92.9,35,47
DAL,2003,N,3322,7230,1475,1854,1174,2538,3712,1963,1609,656,965,437,507,1456,8626,3133,6824,1462,1960,1009,2562,3571,1937,1689,582,1178,382,534,1471,8262,94.8,52,30
DEN,2003,N,2993,6763,1655,2159,1083,2387,3470,1794,1804,745,1201,520,331,985,7972,3019,6662,1470,2020,1056,2465,3521,1931,1895,664,1343,479,376,1056,7884,94.7,43,39
DET,2003,N,2747,6315,1561,2074,1014,2492,3506,1702,1664,659,1179,570,333,969,7388,2633,6378,1287,1730,980,2353,3333,1561,1877,647,1209,410,356,1180,6909,89.2,54,28
GSW,2003,N,2875,6511,1470,2028,1002,2533,3535,1681,1691,576,1154,389,429,1283,7649,2948,6630,1399,1875,981,2532,3513,1762,1801,666,1101,417,414,1107,7709,91.4,37,45
HOU,2003,N,2738,6195,1371,1774,847,2647,3494,1579,1762,560,1295,443,515,1406,7362,2636,6405,1491,2024,908,2351,3259,1689,1694,710,1048,359,457,1227,7220,89.8,45,37
IND,2003,N,2753,6322,1538,2014,965,2452,3417,1774,1709,726,1108,411,449,1281,7493,2671,6179,1350,1800,867,2423,3290,1649,1794,581,1242,513,329,1014,7021,88.8,61,21
LAC,2003,N,2817,6579,1808,2302,1149,2416,3565,1653,1816,594,1281,376,329,1024,7771,3075,6687,1545,2086,1033,2358,3391,1874,1861,693,1070,437,452,1256,8147,92.8,28,54
LAL,2003,N,3028,6676,1631,2352,1001,2535,3536,1948,1732,682,1096,379,365,1115,8052,2920,6640,1472,1964,922,2558,3480,1708,2023,616,1186,308,420,1247,7732,94.1,56,26
MEM,2003,N,2963,6657,1557,2143,1047,2381,3428,1915,1903,795,1180,565,447,1314,7930,2859,6550,1643,2150,1098,2508,3606,1674,1888,673,1319,461,369,1091,7730,93.3,50,32
MIA,2003,N,2729,6417,1459,1915,940,2459,3399,1565,1812,590,1076,313,485,1357,7402,2658,6206,1612,2100,893,2486,3379,1525,1728,578,1161,439,431,1256,7359,89.4,42,40
MIL,2003,N,2970,6650,1698,2192,960,2502,3462,1872,1667,554,1066,383,401,1145,8039,3034,6719,1428,1932,983,2521,3504,1870,1877,615,1115,405,456,1296,7952,93.2,41,41
MIN,2003,N,3033,6571,1361,1743,875,2645,3520,1890,1731,561,1004,462,326,897,7753,2741,6625,1426,1893,1001,2399,3400,1701,1653,547,1051,296,395,1181,7303,90.5,58,24
NJN,2003,N,2813,6372,1398,1856,862,2473,3335,2009,1722,709,1157,322,377,1123,7401,2693,6303,1392,1830,874,2471,3345,1627,1739,656,1243,374,418,1193,7196,90.4,47,35
NOH,2003,N,2772,6605,1454,1937,1091,2418,3509,1716,1716,708,1155,346,531,1666,7529,2843,6443,1407,1877,972,2477,3449,1790,1734,613,1204,429,444,1301,7537,90.8,41,41
NYK,2003,N,2881,6513,1374,1732,950,2543,3493,1695,1897,608,1253,391,406,1115,7542,2785,6491,1678,2198,950,2444,3394,1676,1599,675,1079,384,415,1228,7663,91.6,39,43
ORL,2003,N,2904,6768,1474,2000,1003,2350,3353,1584,1744,547,1063,308,429,1248,7711,3169,6804,1458,1964,1072,2570,3642,2004,1691,625,1057,444,491,1301,8287,92.84,21,61
PHI,2003,N,2682,6260,1512,2009,941,2408,3349,1640,1701,654,1207,358,339,992,7215,2751,6369,1474,1982,996,2398,3394,1747,1757,678,1185,462,443,1329,7419,89.7,33,49
PHO,2003,N,2958,6671,1392,1865,924,2406,3330,1586,1862,734,1203,383,415,1202,7723,2975,6671,1601,2092,1038,2550,3588,1760,1589,649,1232,431,479,1374,8030,94,29,53
POR,2003,N,2898,6467,1263,1728,1040,2376,3416,1768,1554,613,1134,444,381,1102,7440,2954,6567,1219,1618,1016,2292,3308,1912,1533,657,1066,390,417,1222,7544,88.5,41,41
SAC,2003,N,3103,6711,1626,2044,888,2492,3380,2152,1586,710,1107,325,601,1498,8433,3140,6921,1333,1780,1080,2521,3601,1743,1817,651,1175,413,409,1206,8022,94.4,55,27
SAS,2003,N,2842,6434,1409,2069,1028,2669,3697,1676,1667,661,1155,537,408,1140,7501,2613,6388,1372,1844,909,2459,3368,1419,1837,635,1194,381,311,951,6909,90.4,57,25
SEA,2003,N,2939,6590,1363,1782,907,2318,3225,1782,1783,661,1128,387,723,1936,7964,2980,6622,1570,2028,1068,2430,3498,1728,1658,629,1158,386,486,1394,8016,91.8,37,45
TOR,2003,N,2654,6348,1237,1650,830,2419,3249,1574,1748,604,1090,401,461,1294,7006,2722,6365,1536,2055,1034,2662,3696,1518,1619,590,1137,333,273,889,7253,88.8,33,49
UTA,2003,N,2690,6171,1639,2197,1103,2272,3375,1671,2095,583,1255,494,252,786,7271,2541,5879,1874,2431,868,2131,2999,1528,1999,666,1216,530,415,1209,7371,88.1,42,40
WAS,2003,N,2758,6556,1579,2211,1115,2392,3507,1537,1712,733,1371,406,433,1269,7528,3061,6741,1444,1874,1048,2520,3568,1966,1783,787,1269,446,424,1238,7990,94.1,25,57
ATL,2004,N,2942,6672,1417,1994,1100,2335,3435,1614,2009,629,1319,344,304,973,7605,3044,6389,1846,2396,902,2483,3385,1803,1777,716,1235,484,467,1232,8401,93.94873,13,69
BOS,2004,N,3046,6511,1775,2323,909,2438,3347,1810,2000,667,1297,423,437,1252,8304,2960,6664,1825,2423,1039,2427,3466,1859,1937,714,1248,402,488,1370,8233,95.73586,45,37
CHI,2004,N,2849,6592,1536,2048,1001,2591,3592,1743,2028,576,1371,369,511,1433,7745,2763,6548,1716,2305,979,2524,3503,1715,1914,685,1272,434,416,1245,7658,96.28374,47,35
CHR,2004,N,2961,6859,1487,2096,1083,2335,3418,1794,1893,695,1192,440,320,881,7729,3015,6507,1748,2279,959,2586,3545,1768,1857,624,1304,446,442,1224,8220,96.20163,18,64
CLE,2004,N,2990,6687,1634,2174,1117,2352,3469,1851,1850,654,1141,461,300,904,7914,2913,6444,1601,2135,938,2324,3262,1737,1770,549,1226,419,422,1122,7849,93.84019,42,40
DAL,2004,N,3058,6691,1826,2314,990,2530,3520,1610,1827,708,1102,461,463,1273,8405,2941,6712,1601,2123,1072,2467,3539,1714,1898,584,1258,399,451,1366,7934,95.20495,58,24
DEN,2004,N,3038,6615,1765,2313,967,2473,3440,1958,1878,750,1224,489,320,940,8161,2950,6606,1632,2189,975,2441,3416,1778,1960,636,1325,458,463,1342,7995,96.02964,49,33
DET,2004,N,2851,6421,1588,2150,1054,2507,3561,1787,1638,576,1133,497,363,1053,7653,2791,6496,1344,1790,928,2321,3249,1618,1851,610,1138,367,410,1213,7336,89.83974,54,28
GSW,2004,N,3029,7039,1412,1955,1069,2436,3505,1811,1833,642,1112,420,624,1774,8094,3133,6838,1555,2087,1057,2771,3828,1858,1782,570,1231,417,450,1240,8271,95.68941,34,48
HOU,2004,N,2846,6419,1551,1986,874,2601,3475,1733,1806,563,1135,378,553,1521,7796,2720,6423,1571,2116,892,2444,3336,1696,1773,607,1091,335,454,1343,7465,91.30323,51,31
IND,2004,N,2668,6169,1748,2206,868,2418,3286,1489,1889,615,1173,357,542,1575,7626,2768,6284,1637,2202,972,2416,3388,1540,1883,549,1177,398,391,1071,7564,90.93834,44,38
LAC,2004,N,2924,6368,1770,2274,980,2455,3435,1901,1819,599,1290,422,231,669,7849,2936,6618,1555,2041,986,2255,3241,1732,1934,638,1128,393,485,1317,7912,91.88177,37,45
LAL,2004,N,2895,6629,1661,2137,1028,2511,3539,1672,1793,508,1176,344,644,1814,8095,3141,6928,1507,1931,1023,2453,3476,2001,1814,627,968,420,549,1522,8338,94.82039,34,48
MEM,2004,N,2802,6271,1526,2024,887,2307,3194,1716,1910,699,1197,476,531,1486,7661,2684,6215,1679,2179,993,2387,3380,1633,1852,612,1279,476,426,1215,7473,90.92912,45,37
MIA,2004,N,3097,6368,1658,2466,887,2639,3526,1790,1814,528,1127,474,475,1260,8327,2865,6705,1621,2134,922,2397,3319,1620,2020,611,1048,264,441,1269,7792,92.87087,59,23
MIL,2004,N,2964,6580,1720,2229,985,2405,3390,1720,1797,529,1132,289,325,925,7973,3098,6678,1559,2022,935,2413,3348,1953,1952,611,1087,370,463,1349,8218,93.59418,30,52
MIN,2004,N,3045,6629,1449,1820,947,2580,3527,1918,1774,460,1079,447,395,1145,7934,2967,6776,1413,1880,1032,2359,3391,1783,1629,540,954,323,468,1291,7815,92.77171,44,38
NJN,2004,N,2753,6419,1555,2039,855,2387,3242,1772,1984,650,1163,308,435,1203,7496,2710,6167,1714,2304,874,2503,3377,1666,1880,601,1303,402,485,1319,7619,91.83976,42,40
NOH,2004,N,2718,6555,1401,1830,1019,2281,3300,1724,1883,550,1217,310,415,1316,7252,2847,6299,1644,2122,947,2485,3432,1742,1728,634,1182,452,494,1346,7832,90.47193,18,64
NYK,2004,N,2978,6599,1580,2060,965,2393,3358,1665,1942,629,1204,260,441,1240,7977,3001,6454,1711,2264,969,2448,3417,1697,1736,602,1222,389,464,1276,8177,94.38428,33,49
ORL,2004,N,3034,6679,1772,2335,1038,2544,3582,1583,1937,633,1322,441,320,916,8160,3081,6826,1739,2306,1024,2428,3452,1747,1920,698,1176,354,443,1291,8344,97.33392,36,46
PHI,2004,N,2946,6736,1731,2194,909,2536,3445,1710,1878,756,1274,321,505,1453,8128,2930,6618,1764,2299,952,2663,3615,1878,1929,681,1372,383,565,1560,8189,97.40168,43,39
PHO,2004,N,3351,7018,1556,2080,967,2652,3619,1927,1563,572,1125,453,796,2026,9054,3328,7485,1320,1775,1233,2550,3783,1741,1750,627,1108,342,494,1476,8470,98.47644,62,20
POR,2004,N,2896,6422,1409,1944,970,2404,3374,1722,1702,583,1307,544,420,1161,7621,3056,6842,1397,1851,1149,2312,3461,1923,1670,700,1098,414,440,1283,7949,92.56847,27,55
SAC,2004,N,3203,6978,1577,2004,1023,2455,3478,2005,1684,674,1073,316,522,1396,8505,3186,6941,1485,2011,1102,2532,3634,1766,1761,622,1196,365,471,1318,8328,96.8418,50,32
SAS,2004,N,2923,6450,1535,2120,987,2489,3476,1771,1716,613,1126,543,507,1395,7888,2712,6359,1501,1955,893,2403,3296,1385,1891,594,1246,421,323,881,7248,91.4557,59,23
SEA,2004,N,2882,6498,1683,2131,1041,2311,3352,1487,1943,553,1113,338,666,1824,8113,2932,6382,1591,2124,930,2174,3104,1698,1948,508,1127,390,470,1317,7925,91.24495,52,30
TOR,2004,N,2952,6656,1626,2101,844,2444,3288,1670,1875,621,1087,317,648,1681,8178,3133,6708,1610,2165,991,2720,3711,1814,1795,507,1188,360,435,1222,8311,95.01261,33,49
UTA,2004,N,2828,6301,1719,2272,1047,2243,3290,1826,2189,541,1292,374,250,762,7625,2731,5965,2027,2653,859,2230,3089,1592,2057,646,1213,474,486,1297,7975,91.19514,26,56
WAS,2004,N,2966,6794,1795,2476,1133,2374,3507,1563,1806,716,1173,347,514,1498,8241,3099,6748,1549,2034,1017,2510,3527,1885,1994,586,1276,412,521,1432,8268,96.00849,45,37
ATL,2005,N,2946,6496,1656,2207,851,2450,3301,1625,2054,587,1284,394,424,1154,7972,3075,6433,1768,2372,981,2335,3316,1689,1855,597,1227,422,444,1205,8362,94.3261,26,56
BOS,2005,N,2951,6322,1664,2204,834,2411,3245,1716,2033,578,1359,422,467,1290,8033,2944,6462,1825,2457,910,2369,3279,1763,1837,688,1210,404,446,1265,8159,94.54998,33,49
CHI,2005,N,3004,6737,1452,1967,898,2610,3508,1804,2038,508,1224,345,560,1477,8020,2773,6515,1921,2472,881,2541,3422,1652,1883,611,1228,420,501,1428,7968,95.86813,41,41
CHR,2005,N,2961,6843,1593,2186,918,2342,3260,1717,1960,822,1167,354,428,1261,7943,3065,6410,1683,2283,940,2667,3607,1881,1929,577,1464,441,458,1285,8271,96.55765,26,56
CLE,2005,N,2908,6412,1689,2318,970,2500,3470,1560,1732,567,1137,392,497,1465,8002,2949,6481,1462,1970,807,2421,3228,1666,1842,540,1079,357,459,1291,7819,91.88661,50,32
DAL,2005,N,2948,6375,1818,2322,929,2532,3461,1473,1834,593,1112,488,416,1113,8130,2801,6319,1626,2163,935,2209,3144,1433,1958,536,1151,400,404,1120,7632,90.96694,60,22
DEN,2005,N,3078,6672,1721,2312,1013,2376,3389,1921,1863,698,1216,463,350,1076,8227,3070,6764,1538,2090,965,2469,3434,1959,1911,586,1323,436,530,1480,8208,96.20456,44,38
DET,2005,N,2983,6558,1418,1950,813,2509,3322,1971,1513,580,931,490,557,1451,7941,2915,6450,1235,1677,951,2399,3350,1541,1726,481,1145,285,329,1012,7394,90.05814,64,18
GSW,2005,N,2939,6785,1573,2190,811,2654,3465,1694,1941,604,1156,357,625,1832,8076,3047,6674,1624,2187,985,2662,3647,1828,1919,576,1258,409,469,1335,8187,96.62116,34,48
HOU,2005,N,2708,6252,1502,1980,980,2434,3414,1580,1863,588,1193,320,469,1414,7387,2708,6310,1560,2135,874,2477,3351,1647,1716,582,1094,373,541,1465,7517,89.3923,34,48
IND,2005,N,2786,6274,1591,2158,903,2554,3457,1631,1821,598,1254,409,536,1536,7699,2831,6504,1511,2060,968,2416,3384,1520,1800,661,1112,399,371,1083,7544,91.34442,41,41
LAC,2005,N,2993,6443,1694,2142,858,2674,3532,1708,1872,534,1185,503,290,843,7970,2887,6638,1593,2175,858,2432,3290,1765,1777,570,1053,355,474,1367,7841,93.59988,47,35
LAL,2005,N,2992,6607,1618,2172,828,2630,3458,1734,1894,628,1143,350,552,1583,8154,2945,6547,1585,2123,893,2399,3292,1730,1925,536,1158,354,474,1342,7949,94.33237,45,37
MEM,2005,N,2746,6125,1476,2077,1035,2178,3213,1586,1757,600,1134,442,590,1578,7558,2691,6172,1465,1942,927,2404,3331,1605,1867,597,1213,456,408,1223,7255,87.24746,49,33
MIA,2005,N,3039,6355,1616,2310,892,2641,3533,1692,1871,522,1186,442,497,1441,8191,2871,6529,1642,2223,826,2359,3185,1596,1937,560,1063,298,490,1359,7874,93.03861,52,30
MIL,2005,N,2976,6566,1561,2115,990,2387,3377,1769,1902,597,1197,270,507,1335,8020,2972,6383,1671,2237,832,2475,3307,1847,1937,606,1182,414,490,1385,8105,93.1072,40,42
MIN,2005,N,2888,6340,1436,1895,1071,2162,3233,1716,1889,559,1189,471,310,942,7522,2852,6474,1525,2072,974,2411,3385,1554,1736,539,1139,374,447,1229,7676,89.61497,33,49
NJN,2005,N,2778,6317,1658,2187,822,2539,3361,1884,1903,558,1119,278,477,1447,7691,2730,6222,1654,2232,787,2599,3386,1641,1889,589,1177,329,465,1336,7579,91.59463,49,33
NOO,2005,N,2831,6428,1649,2176,873,2424,3297,1519,1786,611,1095,311,300,885,7611,2883,6286,1530,2014,860,2498,3358,1584,1910,527,1197,432,546,1486,7842,91.27003,38,44
NYK,2005,N,2822,6206,1878,2587,1034,2360,3394,1468,2157,555,1449,271,320,884,7842,2967,6359,1868,2480,883,2280,3163,1744,2079,674,1154,437,565,1495,8367,93.46705,23,59
ORL,2005,N,2911,6167,1663,2277,852,2442,3294,1495,1908,532,1240,362,299,796,7784,2870,6327,1672,2285,911,2239,3150,1644,1899,615,1099,386,460,1287,7872,91.03263,36,46
PHI,2005,N,3001,6546,1770,2330,1030,2268,3298,1653,1712,651,1159,404,375,1031,8147,3100,6699,1609,2111,974,2533,3507,1882,1898,630,1269,386,498,1420,8307,94.32779,38,44
PHO,2005,N,3430,7167,1189,1475,849,2579,3428,2179,1683,549,1088,412,837,2097,8886,3243,7141,1429,1956,1028,2735,3763,1546,1623,591,1218,282,516,1423,8431,98.09292,54,28
POR,2005,N,2791,6267,1339,1944,1069,2020,3089,1490,1828,529,1205,435,364,1042,7285,3032,6472,1498,1971,1029,2445,3474,1737,1704,592,1060,403,498,1306,8060,88.32362,21,61
SAC,2005,N,2954,6500,1704,2173,959,2366,3325,1825,1672,608,1199,299,494,1408,8106,3053,6726,1412,1891,953,2503,3456,1733,1886,656,1199,403,462,1316,7980,93.58587,44,38
SAS,2005,N,2993,6342,1327,1891,778,2621,3399,1717,1714,543,1126,467,524,1362,7837,2782,6420,1414,1912,886,2417,3303,1336,1709,599,1136,343,300,886,7278,90.76721,63,19
SEA,2005,N,3077,6711,1652,2104,975,2271,3246,1696,1933,622,1208,306,605,1631,8411,3202,6596,1713,2255,1003,2316,3319,1973,1820,598,1194,399,542,1445,8659,94.48428,35,47
TOR,2005,N,3013,6639,1653,2089,906,2249,3155,1593,1965,529,1071,272,608,1620,8287,3164,6448,1696,2267,835,2539,3374,1938,1834,518,1165,359,508,1363,8532,93.57669,27,55
UTA,2005,N,2744,6207,1774,2466,864,2587,3451,1772,2032,524,1290,492,311,925,7573,2730,6077,1839,2466,871,2237,3108,1511,2104,663,1166,463,490,1297,7789,91.62312,41,41
WAS,2005,N,2975,6656,1889,2496,886,2493,3379,1523,1855,658,1143,339,497,1394,8336,3014,6477,1655,2222,964,2477,3441,1766,2075,537,1326,341,501,1379,8184,95.5648,42,40
ATL,2006,N,2831,6372,1677,2203,976,2312,3288,1573,1970,609,1306,446,341,1038,7680,2953,6335,1699,2315,948,2370,3318,1732,1853,597,1247,421,465,1236,8070,90.80842,30,52
BOS,2006,N,2858,6454,1670,2178,918,2391,3309,1630,1971,589,1350,382,471,1283,7857,2966,6337,1776,2376,848,2476,3324,1811,1757,604,1250,449,429,1212,8137,92.61488,24,58
CHI,2006,N,3046,6663,1528,2083,984,2597,3581,1832,1908,639,1310,445,480,1237,8100,2793,6416,1619,2219,897,2456,3353,1675,1900,614,1429,433,484,1387,7689,93.80669,49,33
CHR,2006,N,2960,6643,1568,2136,920,2346,3266,1836,1985,638,1224,369,457,1280,7945,2999,6450,1802,2404,929,2562,3491,1717,1786,603,1296,437,452,1245,8252,93.40208,33,49
CLE,2006,N,2978,6658,1484,2134,1039,2529,3568,1708,1781,625,1177,353,494,1404,7934,2838,6337,1539,2096,807,2461,3268,1649,1804,540,1254,349,405,1231,7620,91.50341,50,32
DAL,2006,N,3010,6442,1646,2045,920,2515,3435,1632,1837,560,1140,408,535,1404,8201,2790,6241,1654,2216,839,2286,3125,1471,1811,565,1190,312,375,1074,7609,89.65238,67,15
DEN,2006,N,3164,6805,1827,2449,1001,2558,3559,1920,1756,678,1352,434,484,1440,8639,3257,7087,1438,1945,1005,2462,3467,2010,1946,680,1343,424,554,1569,8506,97.86288,45,37
DET,2006,N,2942,6484,1539,1988,948,2374,3322,1768,1672,583,1001,472,449,1305,7872,2819,6337,1484,2006,973,2403,3376,1647,1668,521,1205,290,409,1205,7531,88.07917,53,29
GSW,2006,N,3261,7048,1515,2113,941,2455,3396,1950,1933,750,1309,466,700,1966,8737,3171,6870,1814,2419,1074,2733,3807,2023,1832,680,1525,399,609,1664,8765,99.14714,42,40
HOU,2006,N,2906,6528,1436,1906,880,2673,3553,1704,1710,583,1162,337,705,1893,7953,2793,6503,1497,2000,800,2548,3348,1588,1631,571,1163,353,472,1346,7555,91.22749,52,30
IND,2006,N,2872,6560,1615,2125,989,2441,3430,1680,1912,598,1335,447,481,1389,7840,2931,6416,1741,2311,915,2498,3413,1642,1942,644,1288,410,437,1175,8040,92.72202,35,47
LAC,2006,N,2880,6318,1769,2245,888,2484,3372,1762,1858,596,1239,472,314,903,7843,2912,6436,1602,2142,843,2377,3220,1722,1829,582,1132,321,455,1341,7881,90.81055,40,42
LAL,2006,N,3103,6664,1660,2221,886,2495,3381,1850,1889,600,1273,421,608,1724,8474,3097,6719,1763,2320,955,2508,3463,1798,1916,649,1208,409,523,1462,8480,94.9395,42,40
MEM,2006,N,2998,6448,1835,2410,866,2375,3241,1680,1827,564,1343,407,500,1362,8331,3287,6761,1603,2113,965,2483,3448,2062,1992,681,1253,450,576,1480,8753,94.6022,22,60
MIA,2006,N,2919,6288,1393,2019,817,2526,3343,1681,1749,566,1201,442,528,1539,7759,2895,6517,1513,2039,921,2467,3388,1656,1790,562,1185,314,531,1495,7834,90.30234,44,38
MIL,2006,N,3121,6714,1406,1919,941,2272,3213,1771,1821,587,1240,224,524,1472,8172,3201,6673,1564,2109,1062,2468,3530,2077,1718,615,1284,433,565,1537,8531,92.92042,28,54
MIN,2006,N,2997,6502,1499,1892,819,2474,3293,1848,1758,532,1278,325,384,1089,7877,3075,6689,1510,1987,958,2437,3395,1782,1679,583,1163,360,518,1487,8178,92.21783,32,50
NJN,2006,N,2913,6379,1566,2153,822,2525,3347,1962,1869,499,1212,273,609,1676,8001,2911,6476,1723,2261,867,2526,3393,1805,1886,584,1188,369,519,1455,8064,91.90021,41,41
NOO,2006,N,2971,6673,1436,1941,1024,2513,3537,1537,1620,522,1187,347,455,1256,7833,3004,6579,1395,1839,853,2493,3346,1703,1733,554,1119,391,559,1575,7962,90.92859,39,43
NYK,2006,N,2903,6356,1714,2396,1032,2516,3548,1532,1932,543,1405,260,474,1370,7994,3021,6566,1613,2136,885,2297,3182,1748,1875,616,1122,406,573,1523,8228,92.0064,33,49
ORL,2006,N,2875,6090,1679,2393,920,2418,3338,1525,1904,565,1392,416,342,962,7771,2739,6191,1768,2327,865,2217,3082,1609,1921,678,1232,376,461,1306,7707,90.05511,40,42
PHI,2006,N,2932,6408,1637,2135,899,2353,3252,1669,1671,590,1258,390,284,823,7785,3039,6570,1452,1926,969,2404,3373,1825,1801,606,1280,320,503,1424,8033,91.46572,35,47
PHO,2006,N,3388,6855,1476,1827,737,2583,3320,2122,1659,553,1189,394,785,1965,9037,3238,7087,1458,1902,1008,2504,3512,1548,1759,566,1242,304,504,1387,8438,96.40746,61,21
POR,2006,N,2874,6392,1543,2006,923,2299,3222,1513,1931,555,1236,380,426,1232,7717,2962,6292,1678,2157,850,2347,3197,1703,1750,539,1127,380,467,1293,8069,89.51538,32,50
SAC,2006,N,2941,6532,1891,2473,797,2396,3193,1665,1792,671,1194,265,530,1513,8303,3147,6671,1600,2115,907,2648,3555,1840,1990,572,1335,405,557,1524,8451,95.09167,33,49
SAS,2006,N,2999,6328,1486,1980,761,2576,3337,1814,1588,587,1136,417,595,1561,8079,2860,6462,1300,1756,828,2379,3207,1416,1739,579,1176,337,368,1101,7388,89.81831,58,24
SEA,2006,N,3047,6628,1511,1911,928,2322,3250,1695,1801,631,1268,301,525,1451,8130,3126,6568,1596,2124,954,2408,3362,1870,1635,590,1233,341,519,1437,8367,92.38756,31,51
TOR,2006,N,3032,6547,1562,1983,755,2480,3235,1822,1672,581,1104,321,531,1464,8157,3051,6593,1441,1911,848,2641,3489,1742,1786,489,1241,317,533,1491,8076,92.41695,47,35
UTA,2006,N,3069,6471,1830,2462,1030,2456,3486,2024,2067,577,1277,339,354,1056,8322,2819,6191,1943,2534,813,2223,3036,1552,2010,623,1230,438,506,1424,8087,91.9955,51,31
WAS,2006,N,3070,6820,1855,2425,998,2379,3377,1660,1823,635,1133,375,561,1614,8556,3166,6700,1668,2146,973,2551,3524,1942,1927,519,1291,380,598,1585,8598,94.72142,41,41
ATL,2007,N,2975,6552,1720,2227,1008,2454,3462,1804,1673,600,1170,448,384,1078,8054,3115,6733,1461,1943,968,2386,3354,1825,1793,615,1079,421,512,1413,8203,93.08285,37,45
BOS,2007,N,2986,6286,1677,2176,830,2615,3445,1833,1864,696,1181,379,596,1564,8245,2657,6341,1605,2160,899,2290,3189,1539,1818,594,1256,389,485,1535,7404,92.17601,66,16
CHI,2007,N,2987,6861,1533,2029,1050,2478,3528,1811,1784,635,1155,429,474,1305,7981,2982,6583,1699,2217,914,2582,3496,1794,1746,648,1201,465,571,1522,8234,94.96618,33,49
CHR,2007,N,2960,6554,1510,2115,892,2440,3332,1748,1777,614,1135,403,529,1443,7959,3115,6684,1571,2102,999,2588,3587,1785,1721,625,1132,476,517,1456,8318,93.54654,32,50
CLE,2007,N,2937,6697,1477,2061,1092,2563,3655,1640,1712,579,1081,427,552,1544,7903,2939,6462,1548,2070,814,2500,3314,1721,1666,559,1052,388,506,1419,7932,91.93896,45,37
DAL,2007,N,3025,6515,1690,2075,883,2643,3526,1720,1786,490,988,402,494,1403,8234,2903,6551,1648,2168,882,2419,3301,1547,1739,536,949,357,408,1168,7862,91.34199,51,31
DEN,2007,N,3307,7038,1891,2519,918,2698,3616,2024,1731,752,1181,551,569,1605,9074,3334,7303,1481,2028,1042,2680,3722,2107,1950,644,1282,393,621,1710,8770,101.8626,50,32
DET,2007,N,2999,6551,1507,1965,974,2423,3397,1831,1688,583,910,473,487,1330,7992,2727,6239,1523,2047,865,2344,3209,1563,1618,477,1047,319,409,1233,7386,88.73179,59,23
GSW,2007,N,3403,7406,1538,2044,1045,2496,3541,1833,1875,744,1063,377,761,2185,9105,3273,6998,1806,2378,1053,2803,3856,1939,1736,567,1325,413,572,1556,8924,100.6229,48,34
HOU,2007,N,3003,6698,1342,1848,1002,2659,3661,1757,1609,598,1071,420,583,1707,7931,2852,6594,1410,1912,894,2441,3335,1548,1615,622,1061,379,433,1186,7547,91.81052,55,27
IND,2007,N,3102,6993,1568,2042,904,2633,3537,1864,1921,623,1207,412,755,2021,8527,3093,6817,1850,2443,929,2800,3729,1820,1782,663,1233,416,606,1571,8642,99.1155,36,46
LAC,2007,N,2820,6445,1702,2178,800,2491,3291,1732,1745,557,1128,398,350,1079,7692,3114,6670,1574,2096,916,2657,3573,1834,1773,590,1080,389,486,1393,8288,93.65588,23,59
LAL,2007,N,3248,6818,1746,2270,898,2722,3620,2003,1691,654,1118,438,662,1751,8904,3127,7022,1501,1995,988,2521,3509,1793,1850,634,1124,368,554,1531,8309,97.19371,57,25
MEM,2007,N,3060,6737,1517,2097,848,2567,3415,1574,1592,503,1211,386,620,1779,8257,3394,7076,1387,1791,932,2721,3653,1963,1842,711,1055,403,591,1625,8766,96.81346,22,60
MIA,2007,N,2808,6336,1384,1903,743,2342,3085,1644,1670,589,1151,355,491,1373,7491,3029,6477,1590,2105,916,2617,3533,1817,1650,631,1104,341,552,1497,8200,91.75078,15,67
MIL,2007,N,3026,6745,1452,1980,1055,2363,3418,1760,1748,544,1172,361,452,1313,7956,3147,6562,1639,2141,872,2464,3336,1913,1727,647,1081,404,588,1530,8521,93.40601,26,56
MIN,2007,N,3076,6817,1246,1693,964,2428,3392,1630,1885,616,1143,306,441,1259,7839,3056,6481,1742,2266,871,2545,3416,1899,1434,610,1064,468,541,1516,8395,93.19871,22,60
NJN,2007,N,2856,6450,1647,2237,913,2520,3433,1925,1855,521,1178,390,498,1430,7857,2982,6543,1774,2311,896,2517,3413,1810,1836,662,1050,362,534,1448,8272,93.20573,34,48
NOH,2007,N,3164,6796,1312,1707,937,2494,3431,1785,1531,637,926,321,630,1621,8270,3038,6604,1217,1579,815,2533,3348,1779,1573,470,1089,331,544,1552,7837,91.36569,56,26
NYK,2007,N,2967,6757,1524,2095,1029,2457,3486,1530,1761,521,1132,213,490,1454,7948,3184,6711,1535,2078,924,2573,3497,1773,1665,621,1012,429,587,1592,8490,93.70159,23,59
ORL,2007,N,3058,6446,1650,2288,768,2677,3445,1706,1688,520,1134,333,801,2074,8567,3057,6855,1489,1975,899,2520,3419,1764,1898,581,1043,344,516,1441,8119,94.86023,52,30
PHI,2007,N,3056,6648,1509,2137,1067,2370,3437,1673,1620,712,1112,400,302,952,7923,3000,6504,1332,1726,923,2293,3216,1903,1708,550,1226,420,557,1549,7889,91.91526,40,42
PHO,2007,N,3392,6782,1548,1977,720,2683,3403,2188,1633,532,1139,518,694,1764,9026,3368,7384,1407,1879,1101,2498,3599,1607,1731,601,1051,311,469,1329,8612,98.15545,55,27
POR,2007,N,2935,6545,1412,1841,900,2438,3338,1733,1642,455,995,360,538,1425,7820,2983,6616,1401,1828,957,2465,3422,1714,1656,488,991,301,533,1499,7900,90.12917,41,41
SAC,2007,N,3043,6558,1812,2272,829,2456,3285,1567,1839,651,1258,334,510,1367,8408,3137,6731,1722,2287,970,2465,3435,1878,1892,661,1204,452,597,1599,8593,96.50047,38,44
SAS,2007,N,2938,6424,1350,1774,771,2612,3383,1718,1537,521,981,337,594,1610,7820,2857,6431,1293,1710,776,2527,3303,1490,1625,566,1009,361,420,1227,7427,89.6853,56,26
SEA,2007,N,3125,7032,1436,1866,971,2688,3659,1748,1680,531,1250,400,313,939,7999,3288,7136,1534,2048,961,2655,3616,1997,1610,706,1033,440,607,1576,8717,98.21302,20,62
TOR,2007,N,3148,6726,1347,1658,790,2497,3287,1953,1596,570,918,336,572,1459,8215,3007,6569,1344,1732,830,2583,3413,1797,1508,470,1092,333,619,1683,7977,91.77545,41,41
UTA,2007,N,3279,6592,1745,2298,942,2410,3352,2165,1970,717,1169,355,407,1095,8710,2896,6286,1848,2468,844,2256,3100,1629,1891,619,1262,420,506,1419,8146,94.45701,54,28
WAS,2007,N,2986,6695,1557,1991,1007,2404,3411,1607,1606,632,1032,391,575,1614,8104,3015,6537,1418,1880,900,2478,3378,1958,1656,529,1102,360,683,1768,8131,91.68861,43,39
ATL,2008,N,2956,6451,1537,2085,870,2412,3282,1657,1610,603,1048,376,597,1633,8046,3002,6610,1385,1800,956,2481,3437,1705,1681,530,1121,354,528,1496,7917,91.39326,47,35
BOS,2008,N,3075,6333,1587,2075,869,2586,3455,1862,1897,621,1280,387,538,1355,8275,2763,6418,1626,2110,834,2249,3083,1553,1820,585,1195,389,507,1452,7659,92.91111,62,20
CHI,2008,N,3126,6846,1633,2052,970,2481,3451,1732,1709,615,1192,453,493,1293,8378,3141,6864,1633,2077,1017,2491,3508,1723,1708,622,1177,449,486,1400,8401,96.20294,41,41
CHR,2008,N,2866,6299,1455,1965,886,2366,3252,1741,1754,580,1279,397,490,1339,7677,2883,6349,1457,1928,877,2310,3187,1604,1714,626,1206,488,558,1526,7781,91.20895,35,47
CLE,2008,N,3022,6454,1523,2012,886,2574,3460,1663,1663,593,1045,435,656,1670,8223,2775,6444,1459,1895,878,2310,3188,1568,1664,519,1137,338,482,1447,7491,90.91965,66,16
DAL,2008,N,3128,6770,1516,1852,909,2595,3504,1779,1600,590,1043,429,571,1632,8343,3071,6752,1522,1906,884,2509,3393,1611,1645,589,1064,334,517,1379,8181,93.66772,50,32
DEN,2008,N,3058,6510,1891,2487,905,2507,3412,1820,1874,710,1257,491,548,1477,8555,2966,6738,1742,2228,991,2391,3382,1756,1944,648,1265,447,601,1643,8275,96.44386,54,28
DET,2008,N,2981,6559,1388,1849,949,2448,3397,1689,1712,493,973,377,377,1079,7727,2876,6380,1580,2039,861,2453,3314,1651,1612,461,964,342,435,1228,7767,89.35731,39,43
GSW,2008,N,3231,7055,1893,2392,953,2492,3445,1711,1842,638,1201,527,550,1475,8905,3401,7273,1828,2346,1164,2695,3859,1980,1927,646,1229,414,582,1531,9212,101.1432,29,53
HOU,2008,N,2959,6526,1531,1903,861,2662,3523,1662,1553,548,1167,355,621,1656,8070,2991,6735,1296,1730,873,2398,3271,1620,1689,588,1022,435,464,1298,7742,92.60947,53,29
IND,2008,N,3220,7080,1525,1890,924,2661,3585,1775,1895,573,1189,434,652,1725,8617,3141,6862,1857,2431,909,2708,3617,1731,1692,635,1151,444,569,1519,8708,98.87265,36,46
LAC,2008,N,2955,6696,1354,1839,890,2377,3267,1723,1650,572,1221,482,535,1513,7799,3218,6805,1546,2035,962,2653,3615,1951,1609,652,1093,414,536,1431,8518,94.74437,19,63
LAL,2008,N,3307,6981,1607,2087,1015,2587,3602,1908,1698,718,1113,420,547,1516,8768,3050,6825,1454,1931,959,2440,3399,1854,1816,635,1284,392,586,1700,8140,96.73606,65,17
MEM,2008,N,2865,6311,1570,2077,847,2337,3184,1423,1777,615,1252,385,398,1106,7698,3018,6378,1574,2043,842,2431,3273,1735,1786,632,1194,443,536,1510,8146,92.27252,24,58
MIA,2008,N,3034,6646,1411,1871,828,2411,3239,1671,1696,651,1026,451,582,1631,8061,2920,6412,1609,2086,896,2536,3432,1646,1632,528,1246,335,591,1519,8040,92.80637,43,39
MIL,2008,N,3009,6755,1613,2067,973,2367,3340,1802,1986,609,1154,308,511,1408,8142,2854,6233,1961,2480,831,2527,3358,1730,1842,616,1350,376,562,1486,8231,94.87209,34,48
MIN,2008,N,2986,6766,1504,1957,975,2442,3417,1674,1785,512,1165,322,543,1539,8019,3109,6561,1668,2145,813,2539,3352,1765,1642,610,1028,484,536,1420,8422,93.95412,24,58
NJN,2008,N,2925,6536,1542,1980,850,2415,3265,1636,1838,559,1075,391,652,1735,8044,2953,6385,1738,2281,872,2523,3395,1793,1680,567,1103,393,600,1536,8244,92.23044,34,48
NOH,2008,N,2911,6366,1479,1833,802,2453,3255,1609,1665,593,1029,338,556,1527,7857,2851,6329,1453,1879,822,2459,3281,1649,1675,476,1089,289,575,1625,7730,89.63281,49,33
NYK,2008,N,3157,7091,1490,1900,911,2545,3456,1738,1672,610,1174,204,823,2283,8627,3378,7041,1514,1998,954,2826,3780,1774,1592,654,1188,437,571,1625,8841,98.83564,32,50
OKC,2008,N,2999,6716,1626,2069,999,2497,3496,1663,1655,608,1330,371,328,949,7952,3230,6800,1468,1930,884,2496,3380,1769,1656,697,1140,407,524,1439,8452,95.92356,23,59
ORL,2008,N,2929,6417,1611,2253,820,2728,3548,1593,1664,570,1142,438,817,2147,8286,2936,6785,1421,1882,864,2591,3455,1488,1840,564,1072,308,444,1297,7737,94.04192,59,23
PHI,2008,N,2997,6532,1652,2216,1039,2336,3375,1647,1650,658,1157,415,341,1072,7987,2997,6489,1402,1792,935,2285,3220,1799,1786,575,1278,400,585,1595,7981,92.19222,41,41
PHO,2008,N,3373,6695,1675,2251,900,2520,3420,1905,1691,589,1288,420,553,1445,8974,3278,7025,1634,2108,993,2351,3344,1741,1877,706,1165,369,626,1635,8816,97.95178,46,36
POR,2008,N,3018,6494,1521,1988,1060,2360,3420,1667,1671,550,1055,401,596,1555,8153,2899,6302,1430,1780,786,2190,2976,1590,1733,514,1082,319,487,1301,7715,89.16501,54,28
SAC,2008,N,2990,6685,1682,2107,840,2366,3206,1619,1910,569,1266,349,586,1594,8248,3281,6792,1824,2412,1018,2592,3610,1796,1737,704,1179,423,580,1430,8966,97.07132,17,65
SAS,2008,N,3042,6534,1249,1641,728,2638,3366,1736,1546,474,963,329,625,1620,7958,2973,6568,1257,1635,745,2570,3315,1481,1511,531,961,351,447,1180,7650,90.6739,54,28
TOR,2008,N,3054,6673,1534,1861,802,2513,3315,1835,1593,523,1099,390,479,1289,8121,3172,6827,1379,1759,895,2539,3434,1887,1645,521,1093,386,629,1716,8352,94.26205,33,49
UTA,2008,N,3143,6624,1814,2352,940,2422,3362,2024,1830,719,1210,374,392,1122,8492,3019,6509,1703,2233,908,2393,3301,1640,1972,658,1323,423,534,1479,8275,95.75932,48,34
WAS,2008,N,2994,6655,1494,1947,956,2329,3285,1641,1679,619,1146,365,395,1198,7877,3164,6565,1487,1959,934,2491,3425,2015,1638,593,1140,431,674,1740,8489,92.73114,19,63
ATL,2009,N,3181,6801,1452,1914,969,2451,3420,1789,1632,592,980,413,524,1455,8338,3048,6623,1380,1852,922,2471,3393,1719,1582,506,1135,359,480,1392,7956,92.55215,53,29
BOS,2009,N,3039,6294,1559,2090,716,2449,3165,1930,1816,701,1219,402,499,1433,8136,2880,6390,1606,2152,868,2418,3286,1585,1777,578,1283,386,470,1375,7836,93.5405,50,32
CHI,2009,N,3081,6825,1479,1962,937,2716,3653,1704,1648,531,1175,478,352,1066,7993,3043,6885,1457,1958,916,2589,3505,1715,1643,578,1090,438,584,1680,8127,95.82826,41,41
CHR,2009,N,2858,6306,1637,2180,858,2490,3348,1658,1597,632,1290,446,460,1331,7813,2925,6536,1270,1710,868,2382,3250,1666,1804,614,1256,502,573,1696,7693,92.96674,44,38
CLE,2009,N,3101,6391,1569,2180,791,2692,3483,1835,1591,564,1137,425,602,1582,8373,2935,6633,1444,1907,794,2366,3160,1661,1708,542,1045,325,524,1511,7838,93.24297,61,21
DAL,2009,N,3140,6760,1526,1870,834,2586,3420,1917,1563,624,1059,449,558,1498,8364,3107,6805,1402,1849,922,2592,3514,1659,1652,563,1195,337,525,1515,8141,94.93667,55,27
DEN,2009,N,3124,6678,1937,2508,889,2505,3394,1719,1844,683,1136,417,544,1517,8729,3088,6766,1695,2207,955,2513,3468,1723,1943,578,1235,438,523,1498,8394,97.03043,53,29
DET,2009,N,2940,6602,1455,1998,1053,2242,3295,1591,1822,596,1100,313,374,1190,7709,2965,6172,1630,2124,814,2420,3234,1898,1702,549,1175,401,568,1514,8128,90.6814,27,55
GSW,2009,N,3329,7094,1631,2085,753,2397,3150,1839,1886,761,1205,340,633,1687,8922,3409,7033,1832,2390,1100,2842,3942,1979,1757,645,1442,407,567,1514,9217,102.1367,26,56
HOU,2009,N,3094,6923,1561,2022,971,2471,3442,1790,1712,583,1188,318,646,1838,8395,3236,6810,1464,1917,875,2632,3507,1716,1840,597,1207,532,489,1344,8425,96.84636,42,40
IND,2009,N,3020,6823,1564,2019,785,2618,3403,1730,1848,585,1232,439,659,1896,8263,3113,6875,1774,2346,969,2852,3821,1694,1709,654,1227,414,510,1405,8510,98.71155,32,50
LAC,2009,N,3002,6601,1362,1867,927,2502,3429,1810,1581,532,1285,466,483,1457,7849,3193,6792,1455,1910,879,2490,3369,1926,1588,686,1059,363,529,1457,8370,94.29276,29,53
LAL,2009,N,3144,6875,1519,1985,973,2662,3635,1730,1592,612,1096,400,532,1562,8339,3050,6840,1332,1776,914,2546,3460,1792,1737,573,1159,363,520,1585,7952,95.16936,57,25
MEM,2009,N,3223,6875,1614,2202,1070,2496,3566,1543,1655,645,1248,399,344,1020,8404,3277,6849,1402,1858,907,2349,3256,1875,1840,635,1165,501,572,1618,8528,96.43056,40,42
MIA,2009,N,2984,6518,1452,1931,875,2553,3428,1548,1710,605,1079,457,494,1426,7914,2813,6408,1577,2091,856,2483,3339,1545,1639,517,1184,355,524,1531,7727,92.08434,47,35
MIL,2009,N,3050,6998,1264,1675,965,2560,3525,1740,1823,580,1085,385,645,1813,8009,2870,6361,1692,2211,790,2723,3513,1581,1664,573,1254,421,438,1276,7870,94.65535,46,36
MIN,2009,N,3106,6923,1436,1926,962,2556,3518,1626,1699,597,1333,306,403,1181,8051,3343,6961,1534,1981,917,2640,3557,2103,1686,721,1173,442,618,1690,8838,98.14602,15,67
NJN,2009,N,2813,6554,1572,2015,897,2358,3255,1540,1643,573,1182,393,377,1185,7575,3172,6593,1511,2021,925,2683,3608,1960,1647,638,1149,421,468,1278,8323,93.31892,12,70
NOH,2009,N,3178,6842,1293,1661,852,2450,3302,1828,1606,625,1103,300,571,1572,8220,3250,6730,1383,1841,870,2586,3456,1925,1597,574,1177,367,539,1517,8422,94.76444,37,45
NYK,2009,N,3127,6876,1376,1759,836,2477,3313,1772,1638,586,1148,305,743,2145,8373,3352,6902,1429,1896,959,2724,3683,1723,1576,585,1182,368,553,1571,8686,96.27817,29,53
OKC,2009,N,3063,6629,1778,2210,960,2607,3567,1639,1743,654,1227,481,418,1229,8322,3007,6718,1541,2018,937,2397,3334,1618,1755,616,1238,384,481,1414,8036,95.39601,50,32
ORL,2009,N,3005,6394,1575,2176,810,2736,3546,1615,1629,512,1155,456,841,2241,8426,2955,6739,1380,1830,800,2481,3281,1550,1819,551,1050,288,522,1437,7812,93.6745,59,23
PHI,2009,N,3087,6706,1366,1808,941,2421,3362,1723,1677,667,1192,439,474,1381,8014,3105,6573,1518,1983,888,2470,3358,1810,1534,621,1189,332,606,1542,8334,93.7253,27,55
PHO,2009,N,3339,6788,1631,2117,910,2616,3526,1912,1713,479,1210,418,730,1770,9039,3235,7165,1606,2114,1081,2391,3472,1704,1789,646,1065,365,561,1582,8637,97.35118,54,28
POR,2009,N,2974,6453,1606,2033,913,2383,3296,1674,1715,523,1012,350,491,1388,8045,2950,6352,1394,1870,801,2322,3123,1583,1767,485,1104,333,480,1399,7774,90.24987,50,32
SAC,2009,N,3144,6895,1430,1969,977,2518,3495,1679,1827,564,1226,366,482,1383,8200,3199,6828,1663,2149,909,2538,3447,1683,1650,586,1120,468,497,1391,8558,96.72397,25,57
SAS,2009,N,3150,6659,1458,1969,887,2621,3508,1829,1669,516,1116,381,554,1547,8312,3025,6691,1433,1896,814,2427,3241,1576,1672,567,1032,417,412,1200,7895,93.71659,50,32
TOR,2009,N,3199,6631,1618,2118,806,2507,3313,1804,1819,469,1100,384,518,1397,8534,3194,6824,1683,2146,933,2453,3386,1889,1730,580,1040,360,609,1665,8680,95.13501,40,42
UTA,2009,N,3227,6575,1654,2233,872,2588,3460,2187,1859,675,1246,400,439,1207,8547,2908,6471,1741,2286,837,2376,3213,1628,1818,632,1238,445,552,1559,8109,95.60185,53,29
WAS,2009,N,3008,6700,1444,1895,966,2458,3424,1557,1752,493,1219,421,432,1225,7892,3083,6664,1590,2088,935,2530,3465,1772,1684,569,1115,415,528,1466,8284,94.03056,26,56